delta_phi,E_nu_1.000,VarCRB_nu_1.000,E_nu_0.970,VarCRB_nu_0.970,E_nu_0.971,VarCRB_nu_0.971,E_nu_0.972,VarCRB_nu_0.972
0.00314159265358979,-0.00307901334625669,0.00159202624836168,0.125456905996839,0.000239773517386991,0.126686102521471,0.000235156626445562,0.127886451178464,0.000230804983248601
0.00628318530717959,-0.00603295483570235,0.00636059334334765,0.122370070372869,0.000958810165398877,0.123598572929714,0.000940349102715627,0.124798249458392,0.000922947544588681
0.00942477796076938,-0.00886208445492998,0.0142832183676595,0.119319747009734,0.00215626101517384,0.120547093555713,0.00211474815715807,0.121745650441926,0.00207561364252704
0.0125663706143592,-0.0115668345598002,0.0253226027468088,0.116305947230237,0.00383072035690701,0.117531676625551,0.00375698134522192,0.118728667212396,0.00368745682484659
0.015707963267949,-0.0141478084477943,0.039426889974779,0.113328686808626,0.00598023908900353,0.1145523391783,0.0058651471593681,0.115747318009323,0.00575661321110958
0.0188495559215388,-0.0166057783693667,0.0565300230396319,0.1103879858929,0.00860234274796593,0.111609102988537,0.00843683400260616,0.112801626151239,0.0082807216101801
0.0219911485751286,-0.0189416829882765,0.0765521982078457,0.107483868904885,0.0116940535128205,0.10870199446669,0.0114691433002444,0.109891619936398,0.0112569479772261
0.0251327412287183,-0.0211566243036016,0.0994004109411931,0.104616364418055,0.0152519153927158,0.105831044537162,0.0149587158904678,0.107017332521331,0.0146820132704589
0.0282743338823081,-0.0232518640488098,0.124969088885425,0.101785505013092,0.0192720217227812,0.102996288494221,0.0189017607469128,0.104178801777224,0.0185522236761072
0.0314159265358979,-0.0252288195857893,0.153140806096151,0.0989913271111517,0.0237500440535909,0.100197765835612,0.0232940850476691,0.101376070124036,0.0228635021328926
0.0345575191894877,-0.027089059314184,0.183787071962328,0.0962338707848297,0.0286812615228193,0.0974355200738532,0.0281311246137937,0.0986091843423406,0.0276114201027037
0.0376991118430775,-0.0288342976186689,0.216769187659967,0.0935131795468125,0.0340605898403158,0.0947095985252071,0.0334079737921738,0.0958781953628299,0.0327912285969631
0.0408407044966673,-0.0304663893789482,0.251939162424567,0.0908293001162195,0.0398826090942139,0.0920200520762878,0.0391194139456467,0.0931831580334389,0.0383978875702893
0.0439822971502571,-0.0319873240692415,0.289140681475514,0.0881822821626503,0.0461415896885503,0.0893669349283092,0.0452599398293883,0.0905241308640672,0.0444260929248636
0.0471238898038469,-0.0333992194758358,0.328210117064044,0.0855721780279682,0.0528315158442547,0.0867503043189752,0.0518237832675556,0.0879011757488764,0.0508703005198837
0.0502654824574367,-0.0347043150629082,0.368977573850616,0.0829990424258761,0.059946106227165,0.0841702202220429,0.0588049336889891,0.0853143576661641,0.0577247467404527
0.0534070751110265,-0.0359049650182466,0.41126795964962,0.0804629321193651,0.0674788314012898,0.0816267450246075,0.0661971552269653,0.0827637443558384,0.0649834653398345
0.0565486677646163,-0.0370036310117422,0.45490207250923,0.0779639055761478,0.0754229279362841,0.0791199431821925,0.0739940002284075,0.0802494059745409,0.072640300420358
0.0596902604182061,-0.0380028747005389,0.499697695120843,0.0755020226022285,0.0837714091195547,0.0766498808517609,0.0821888191467734,0.0777714147285078,0.0806889155553251
0.0628318530717959,-0.038905350015539,0.545470687673685,0.0730773439537954,0.0925170723316065,0.0742166255028036,0.0907747669060586,0.0753298444842842,0.0891227991728652
0.0659734457253857,-0.0397137952645746,0.592036070481789,0.0706899309276809,0.101652503235553,0.0718202455067087,0.0997448059183641,0.0729247703574643,0.0979352664204769
0.0691150383789755,-0.0404310250879229,0.639209088008617,0.0683398449306791,0.111170077006903,0.0694608097046665,0.109091706013342,0.0705562682796727,0.107119457805209
0.0722566310325652,-0.0410599223020256,0.686806246292656,0.0660271470280745,0.121061956887584,0.0671383869544256,0.118808041594641,0.0682244145440646,0.116668334959775
0.075398223686155,-0.0416034296672245,0.734646316229328,0.0637518974718016,0.131320090389535,0.0648530456562781,0.12888618637747,0.0659292853296805,0.12657467392084
0.0785398163397448,-0.0420645416150787,0.782551295682686,0.0615141552087284,0.141936203499393,0.0626048532587259,0.139318306084307,0.0636709562050695,0.136831056324726
0.0816814089933346,-0.0424462959703764,0.830347323976687,0.0593139773696336,0.152901793248864,0.0603938757443569,0.150096349484986,0.0614495016116652,0.14742985893036
0.0848230016469244,-0.0427517657023019,0.877865542941883,0.0571514187395358,0.164208119017263,0.0582201770965456,0.161212038165175,0.0592649943274874,0.158363241872423
0.0879645943005142,-0.0429840507383838,0.924942899359803,0.0550265312101223,0.175846192925665,0.0560838187476844,0.172656855396229,0.0571175049118337,0.169623136031947
0.091106186954104,-0.0431462698738408,0.971422884345474,0.0529393632151243,0.187806769668298,0.0539848590097488,0.1844220344617,0.0550071011317171,0.181201229889625
0.0942477796076938,-0.0432415528077407,1.01715620592853,0.0508899591495929,0.200080336107937,0.0519233524881049,0.196498546773614,0.0529338473709209,0.193088956201174
0.0973893722612836,-0.0432730323360719,1.06200139182653,0.0488783587741295,0.21265710094013,0.0498993494795789,0.208877090086628,0.0508978040226403,0.205277478805826
0.100530964914873,-0.0432438367303168,1.10582532014124,0.0469045966052527,0.225526984707155,0.0479128953559203,0.221548077092047,0.0488990268668086,0.21775767985026
0.103672557568463,-0.0431570823285173,1.14850367644048,0.0449687012931958,0.238679610418083,0.0459640299339181,0.234501624647151,0.0469375664333173,0.230520147681861
0.106814150222053,-0.0430158663640814,1.18992133640761,0.0430706949885528,0.252104295007034,0.0440527868335476,0.247727543869713,0.0450134673524788,0.243555165638093
0.109955742875643,-0.0428232600557434,1.22997267393856,0.0412105926993245,0.265790041838089,0.0421791928256654,0.261215331303155,0.0431267676941985,0.256852701933545
0.113097335529233,-0.0425823019801678,1.26856179523655,0.0393884016400393,0.279725534443086,0.0403432671708898,0.274954161335048,0.0412774982974728,0.270402400822938
0.116238928182822,-0.0422959917466882,1.30560270009024,0.0376041205747669,0.293899131657665,0.0385450209514551,0.288932880030773,0.0394656820919552,0.284193575197582
0.119380520836412,-0.0419672839916113,1.34101937211618,0.0358577391559648,0.308298864301699,0.0367844563979535,0.303140000525139,0.0376913334134839,0.29821520075383
0.122522113490002,-0.0415990827074281,1.37474580029675,0.0341492372612423,0.322912433532405,0.0350615662130243,0.317563700097369,0.0359544573156001,0.312455911855424
0.125663706143592,-0.0411942359201401,1.40672593464539,0.0324785843302541,0.337727210982242,0.0333763328941803,0.332191819039384,0.0342550488792267,0.326903999196626
0.128805298797182,-0.0407555307257716,1.43691357927937,0.0308457387040694,0.352730240778518,0.0317287280581069,0.347011861412765,0.0325930925228241,0.341547409359545
0.131946891450771,-0.0402856886950033,1.46527222657337,0.0292506469694865,0.36790824352769,0.0301187117688891,0.362010997776891,0.0309685613154684,0.356373746346887
0.135088484104361,-0.0397873616527467,1.49177483640403,0.0276932433108859,0.383247622334102,0.028546231872762,0.377176069958225,0.0293814162954359,0.371370275159962
0.138230076757951,-0.0392631278373756,1.51640356477488,0.026173448872336,0.398734470910286,0.0270112233420907,0.392493597919233,0.0278316057970052,0.386523927481181
0.141371669411541,-0.0387154884422966,1.53914944633285,0.0246911711327607,0.414354583823821,0.0255136076314085,0.407949788773974,0.0263190647883044,0.401821309509788
0.14451326206513,-0.0381468645405366,1.56001203545311,0.0232463032970881,0.430093468913527,0.0240532920484385,0.423530547986302,0.0248437142231461,0.417248711989482
0.14765485471872,-0.0375595943911031,1.57899901067874,0.0218387237063752,0.445936361895868,0.0226301691431235,0.439221492775359,0.02340546040989,0.432792122456061
0.15079644737231,-0.0369559311240128,1.59612574735831,0.0204682952699844,0.461868243170068,0.0212441161177629,0.455007967741543,0.0220041944004624,0.448437239722664
0.1539380400259,-0.0363380407991337,1.61141486333082,0.0191348649229348,0.477873856817956,0.0198949942614252,0.470875062714328,0.020639791402731,0.464169490608992
0.15707963267949,-0.0357080008322924,1.62489574246498,0.0178382631116042,0.493937731781633,0.018582648411851,0.486807632810946,0.0193121102194977,0.47997404890922
0.160221225333079,-0.0350677987805461,1.63660404077425,0.0165783033109671,0.510044205188618,0.0173069064480924,0.502790320682062,0.0180209927174005,0.495835856581006
0.163362817986669,-0.0344193314770488,1.64658117970184,0.0153547815765664,0.526177447780335,0.0160675788171446,0.518807580907204,0.0167662633290435,0.511739647125001
0.166504410640259,-0.0337644045045905,1.6548738310068,0.0141674761343928,0.5423214913853,0.0148644580978164,0.534843706488516,0.0155477285916679,0.52766997111044
0.169646003293849,-0.033104731995665,1.66153339748643,0.0130161470118007,0.558460258363706,0.0136973186050492,0.550882857376886,0.0143651767256462,0.543611223788312
0.172787595947439,-0.0324419367458018,1.66661549354623,0.0119005357125306,0.574577592934786,0.0125659160378388,0.566909090949479,0.0132183772560445,0.559547674718276
0.175929188601028,-0.0317775506259245,1.67017942938104,0.0108203649388078,0.590657294282839,0.0114699871738294,0.58290639434187,0.0121070806804063,0.575463499320336
0.179070781254618,-0.0311130152786228,1.67228770226371,0.00977533836337713,0.60668315132206,0.0104092496135376,0.598858718522597,0.0110310181858202,0.591342812246127
0.182212373908208,-0.030449683082499,1.67300549815488,0.00876514045418317,0.622638978984569,0.00938340157703002,0.614750013981413,0.00998990141820275,0.607169702448617
0.185353966561798,-0.0297888183681351,1.67240020655416,0.00778943635423629,0.638508655880354,0.00839212175570914,0.630564267887098,0.00898342230655874,0.622928269812749
0.188495559215388,-0.0291315988687327,1.67054095121164,0.00684787181900598,0.654276163162385,0.00743506922167228,0.646285542554327,0.00801125294480978,0.638602663193266
0.191637151868977,-0.028479117388118,1.66749813901463,0.00594007321345658,0.669925624415309,0.0065118833968866,0.661898015043923,0.00707304553355695,0.65417711968994
0.194778744522567,-0.0278323836685416,1.66334302905953,0.0050656475705893,0.68544134637174,0.00562218408417528,0.677386017705888,0.00616843238390044,0.669636004975142
0.197920337176157,-0.0271923264405735,1.65814732361789,0.0042241827130754,0.70080786024684,0.00476557156173493,0.692734079460323,0.00529702598517276,0.684963854473626
0.201061929829747,-0.0265597956373605,1.65198278241018,0.00341524743926228,0.716009963469657,0.00394162674260506,0.707926967598484,0.00445841913814329,0.700145415180712
0.204203522483337,-0.0259355647555866,1.64492086131426,0.00263839177451294,0.731032761578402,0.00314991140018986,0.722949729874012,0.0036521851549246,0.715165687892299
0.207345115136926,-0.0253203333456514,1.63703237636011,0.00189314728848952,0.745861710037777,0.00238996846057776,0.737787736644353,0.00287787812647725,0.730009969608646
0.210486707790516,-0.0247147296138422,1.62838719359955,0.00117902747862975,0.760482655728304,0.00166132236205316,0.7524267228131,0.00213503325823314,0.744663895864262
0.213628300444106,-0.0241193131196334,1.61905394519186,0.000495528219685709,0.774881877851932,0.000963479481796259,0.766852829317632,0.00142316727397723,0.759113482728196
0.216769893097696,-0.0235345775516611,1.60909977181397,-0.000157871721204572,0.789046127994532,0.000295928629385905,0.781052643900929,0.000741778887730582,0.773345168213251
0.219911485751286,-0.0229609535664425,1.59859009128935,-0.000781710104832495,0.802962669083968,-0.000341858393700739,0.795013240904427,9.03493429600111e-05,0.787345852828547
0.223053078404875,-0.0223988116744489,1.58758839313187,-0.00137654057696607,0.81661931298378,-0.000950426169802288,0.808722219817919,-0.000531656981977047,0.80110293900891
0.226194671058465,-0.0218484651587899,1.57615605852258,-0.00194293196387077,0.830004456465172,-0.00153033497763846,0.82216774232501,-0.00112479190366957,0.814604369155205
0.229336263712055,-0.0213101730124196,1.56435220507695,-0.00248146750846173,0.843107115306333,-0.0020821600437739,0.835338567587157,-0.00168962270071704,0.827838662023633
0.232477856365645,-0.0207841428805034,1.5522335556179,-0.0029927440496528,0.855916956276228,-0.00260649073545097,0.848224085516805,-0.00222673132039036,0.840794947208177
0.235619449019234,-0.0202705339953316,1.53985433004721,-0.00347737114785143,0.868424326770798,-0.00310392969765866,0.860814347799813,-0.00273671352766747,0.853462997469215
0.238761041672824,-0.0197694600919445,1.5272661593021,-0.00393597015994027,0.880620281883243,-0.00357509193770003,0.873100096440036,-0.00322017799983798,0.865833258673131
0.241902634326414,-0.0192809922934479,1.51451802029611,-0.00436917326744204,0.892496608705776,-0.00402060386090328,0.88507278961407,-0.0036777453702441,0.87789687712146
0.245044226980004,-0.0188051619557965,1.501656190672,-0.00477762246190511,0.904045847678297,-0.00444110226145494,0.896724624641054,-0.00411004722510327,0.889645724065403
0.248185819633594,-0.0183419634626778,1.48872422213991,-0.00516196849186187,0.91526131082008,-0.00483723327268848,0.908048557893033,-0.00451772505769613,0.901072417219878
0.251327412287183,-0.0178913569619302,1.47576293113299,-0.00552286977599867,0.926137096702714,-0.00520965128143738,0.919038321492146,-0.00490142918451192,0.912170339112958
0.254469004940773,-0.0174532710357863,1.46281040548821,-0.00586099128742393,0.936668102046795,-0.00555901781134296,0.929688436665549,-0.00526181762823302,0.922933652129749
0.257610597594363,-0.0170276052980317,1.44990202584567,-0.00617700341413902,0.946850029850018,-0.00588600038022818,0.939994223653362,-0.00559955497268255,0.933357310134433
0.260752190247953,-0.0166142329119942,1.43707050046054,-0.00647158080099192,0.956679393981975,-0.00619127133685182,0.949951808092526,-0.00591531119505934,0.943437066580895
0.263893782901543,-0.0162130030240562,1.42434591213045,-0.00674540117852984,0.966153520207498,-0.00647550668249086,0.959558123826185,-0.00620976048096,0.953169479049921
0.267035375555132,-0.0158237431081704,1.41175577596253,-0.00699914418425962,0.975270543629834,-0.00673938488292358,0.968810912117185,-0.00648358002780197,0.96255191017924
0.270176968208722,-0.015446261217586,1.39932510673172,-0.0072334901818743,0.984029402572508,-0.00698358567643836,0.977708717273016,-0.00673744884234079,0.97158252498192
0.273318560862312,-0.0150803481407281,1.38707649461936,-0.00744911908401052,0.992429828947751,-0.00720878888351312,0.986250878717869,-0.00697204653800848,0.980260284577551
0.276460153515902,-0.0147257794588491,1.37503018816347,-0.0076467091840528,1.00047233518692,-0.00741567322378472,0.994437519576624,-0.00718805213777984,0.988584936389603
0.279601746169492,-0.0143823175037282,1.36320418330091,-0.00782693600242956,1.00815819783597,-0.00760491514585293,1.00226953186274,-0.00738614288821182,0.996557000890675
0.282743338823081,-0.0140497132143168,1.35161431743496,-0.00799047115270418,1.0154894379445,-0.00777718767533903,1.0097485583891,-0.00756699309020015,1.00417775500503
0.285884931476671,-0.0137277078918044,1.34027436751838,-0.00813798123260229,1.02246879840202,-0.00793315928647259,1.0168769715463,-0.0077312729518359,1.01144921230364
0.289026524130261,-0.0134160348531259,1.32919615120212,-0.00827012674490113,1.02909971839772,-0.00807349280226111,1.02365784911673,-0.00787964746855624,1.01837410015206
0.292168116783851,-0.0131144209834439,1.31838963016206,-0.00838756105286442,1.03538630520112,-0.00819884432806722,1.03009494731435,-0.00801277533555111,1.02495583399401
0.295309709437441,-0.0128225881885842,1.30786301477804,-0.00849092937461221,1.04133330347916,-0.0083098622231314,1.03619267126025,-0.00813130789710181,1.03119848897405
0.29845130209103,-0.0125402547488574,1.29762286940487,-0.00858086782051892,1.04694606238257,-0.00840718611427865,1.04195604312107,-0.00823588813724002,1.03710676912188
0.30159289474462,-0.0122671365760611,1.28767421753763,-0.00865800247736831,1.05223050064692,-0.00849144595569268,1.04739066815235,-0.00832714971576365,1.04268597433575
0.30473448739821,-0.0120029483758196,1.27802064623742,-0.0087229485426481,1.05719306996547,-0.00856326113829076,1.05250269890076,-0.00840571605328699,1.0479419654164
0.3078760800518,-0.0117474047177178,1.26866440924555,-0.0087763095119659,1.06184071689892,-0.00862323965183481,1.05729879782908,-0.00847219946861127,1.0528811274123
0.31101767270539,-0.0115002210159671,1.25960652827588,-0.00881867642217898,1.0661808435928,-0.0086719773025159,1.06178609863303,-0.00852720037130766,1.05751033154636
0.314159265358979,-0.0112611144235644,1.25084689203271,-0.00885062715240564,1.07022126757535,-0.00871005698833377,1.0659721665246,-0.00857130651197174,1.06183689599682
0.317300858012569,-0.0110298046431124,1.24238435255955,-0.00887272578467602,1.07397018090925,-0.00873804803416245,1.06986495775524,-0.00860509229218892,1.0658685458083
0.320442450666159,-0.0108060146576366,1.23421681857831,-0.00888552202555026,1.07743610896687,-0.00875650558797803,1.07347277865227,-0.00862911813581352,1.06961337220749
0.323584043319749,-0.0105894713848592,1.22634134553,-0.00888955068962277,1.08062786909447,-0.00876597007928176,1.07680424443601,-0.00864392992273666,1.07307979159469
0.326725635973339,-0.0103799062584993,1.21875422207717,-0.00888533124540186,1.0835545294217,-0.00876696674034222,1.07986823807858,-0.00865005848587735,1.07627650447533
0.329867228626928,-0.0101770557402464,1.21145105287478,-0.00887336742366079,1.08622536806341,-0.00876000519046483,1.08267386945647,-0.0086480191717242,1.07921245458811
0.333008821280518,-0.00998066176608958,1.20442683745932,-0.00885414688796471,1.0886498329489,-0.00874557908308976,1.08523043503649,-0.00863831146433547,1.08189678847481
0.336150413934108,-0.00979047213071865,1.19767604514518,-0.00882814096669471,1.09083750249901,-0.0087241658151459,1.08754737832226,-0.00862141867231964,1.08433881572417
0.339292006587698,-0.00960624081370509,1.19119268585585,-0.00879580444554401,1.0927980473567,-0.00869622629771527,1.08963425127292,-0.00859780767793367,1.08654797010792
0.342433599241288,-0.00942772825114963,1.18497037685001,-0.00875757541912786,1.09454119335984,-0.00866220478672447,1.09150067688952,-0.0085679287470995,1.08853377181058
0.345575191894877,-0.00925470155644392,1.17900240533437,-0.00871387520003419,1.09607668592673,-0.00862252877205905,1.09315631314659,-0.00853221539879417,1.09030579093786
0.348716784548467,-0.00908693469373628,1.17328178698333,-0.00866510828336975,1.09741425600668,-0.0085776089232093,1.09461081842869,-0.00849108433197987,1.09187361246951
0.351858377202057,-0.00892420860759779,1.16780132040855,-0.00861166236459687,1.09856358772852,-0.00852783908928323,1.09587381861146,-0.00844493540795932,1.09324680280433
0.354999969855647,-0.00876631131233546,1.16255363764754,-0.00855390840822995,1.09953428785999,-0.00847359635100009,1.09695487590846,-0.00839415168579732,1.0944348780244
0.358141562509236,-0.00861303794425289,1.15753125075574,-0.00849220076478141,1.10033585717291,-0.0084152411220631,1.09786345958424,-0.0083390995082443,1.09544727398731
0.361283155162826,-0.00846419078008337,1.15272659460688,-0.00842687733314834,1.1009776637869,-0.00835311729714133,1.09860891861556,-0.00828012863539679,1.09629331833409
0.364424747816416,-0.0083195792246808,1.14813206601895,-0.00835825976554255,1.10146891854867,-0.00828755244354301,1.09920045636273,-0.00821757242319793,1.09698220448225
0.367566340470006,-0.00817901977093788,1.14374005933648,-0.00828665371191778,1.10181865248259,-0.00821885803355632,1.09964710729453,-0.00815174804373914,1.09752296765349
0.370707933123596,-0.00804233593475967,1.13954299860924,-0.00821234910079821,1.10203569633221,-0.00814732971433846,1.09995771579246,-0.00808295674424786,1.0979244629681
0.373849525777185,-0.0079093581677937,1.13553336651579,-0.00813562045335342,1.10212866219494,-0.00807324761218431,1.10014091704207,-0.0080114841415716,1.09819534561953
0.376991118430775,-0.00777992375047248,1.1317037301871,-0.00805672722754736,1.10210592723649,-0.00799687666797982,1.10020512000382,-0.00793760054894316,1.09834405312769
0.380132711084365,-0.00765387666777678,1.12804676408817,-0.00797591418918547,1.10197561945655,-0.00791846700063548,1.10015849244044,-0.00786156133178795,1.09837878965152
0.383274303737955,-0.00753106747000593,1.124555270121,-0.00789341180671577,1.10174560546438,-0.00783825429531909,1.10000894796319,-0.00778360728937233,1.09830751232998
0.386415896391545,-0.00741135312067276,1.12122219511102,-0.00780943666668676,1.10142348021018,-0.00775646021335719,1.09976413504856,-0.00770396505910809,1.09813791960496
0.389557489045134,-0.00729459683352335,1.11804064584167,-0.00772419190683754,1.10101655860762,-0.00767329282072421,1.09943142796285,-0.00762284754040654,1.09787744146949
0.392699081698724,-0.00718066790052591,1.11500390179855,-0.00763786766386848,1.10053186897296,-0.00758894703213903,1.09901791952525,-0.00754045433504252,1.09753323157348
0.395840674352314,-0.00706944151255084,1.11210542578445,-0.00755064153305651,1.09997614819833,-0.00750360506787218,1.09853041562855,-0.0074569722010932,1.09711216111004
0.398982267005904,-0.00696079857431969,1.10933887256206,-0.00746267903699277,1.09935583856972,-0.00741743692049213,1.09797543143128,-0.00737257551762421,1.09662081439809
0.402123859659494,-0.00685462551507754,1.10669809567827,-0.00737413410083865,1.09867708613462,-0.00733060082889569,1.09735918912743,-0.00728742675742411,1.09606548607053
0.405265452313083,-0.00675081409631967,1.1041771526194,-0.00728514953164178,1.09794574051974,-0.00724324375711632,1.09668761719727,-0.00720167696521529,1.09545217977107
0.408407044966673,-0.00664926121777892,1.10177030844095,-0.00719585749940016,1.09716735609664,-0.00715550187553265,1.09596635103674,-0.00711546623892917,1.09478660826095
0.411548637620263,-0.00654986872276986,1.09947203801136,-0.0071063800177068,1.09634719439032,-0.00706750104226783,1.09520073486257,-0.0070289242117646,1.09407419483184
0.414690230273853,-0.00645254320387245,1.09727702700164,-0.00701682942196991,1.09549022762586,-0.00697935728271315,1.09439582478782,-0.0069421705329259,1.09332007592111
0.417831822927443,-0.00635719580983335,1.09518017174786,-0.00692730884335219,1.09460114330678,-0.00689117726527705,1.09355639296305,-0.00685531534508016,1.09252910482455
0.420973415581032,-0.00626374205447422,1.0931765781071,-0.00683791267674888,1.09368434972191,-0.00680305877161247,1.09268693267786,-0.00676845975674217,1.09170585640174
0.424115008234622,-0.00617210162828141,1.09126155941946,-0.00674872704125934,1.09274398227687,-0.00671509115974911,1.09179166432126,-0.00668169630796134,1.09085463267141
0.427256600888212,-0.00608219821329203,1.08943063368388,-0.00665983023178635,1.0917839105504,-0.00662735581869833,1.09087454209827,-0.00659510942783048,1.08997946919477
0.430398193541802,-0.00599395930178764,1.08767952004808,-0.00657129316053512,1.09080774597877,-0.00653992661326358,1.08993926140578,-0.00650877588251325,1.08908414214903
0.433539786195392,-0.00590731601923683,1.08600413470581,-0.00648317978734342,1.08981885007405,-0.00645287031795139,1.08898926677427,-0.00642276521262602,1.08817217599528
0.436681378848981,-0.00582220295186775,1.08440058628928,-0.00639554753791327,1.08882034308754,-0.00636624703900002,1.08802776028267,-0.00633714015896608,1.08724685164992
0.439822971502571,-0.00573855797916767,1.08286517083698,-0.00630844770915795,1.08781511303318,-0.00628011062371014,1.08705771036291,-0.00625195707572046,1.08631121507183
0.442964564156161,-0.00565632211156297,1.0813943664115,-0.00622192586100917,1.08680582499084,-0.00619450905637781,1.08608186091047,-0.00616726633043119,1.08536808618327
0.446106156809751,-0.00557543933347227,1.07998482743628,-0.00613602219415504,1.08579493061485,-0.00610948484027768,1.08510274062678,-0.00608311269011691,1.08442006804671
0.44924774946334,-0.00549585645186668,1.07863337881283,-0.00605077191330244,1.08478467777771,-0.00602507536524527,1.08412267252036,-0.00599953569308015,1.08346955622458
0.45238934211693,-0.00541752295044823,1.0773370098766,-0.00596620557565719,1.08377712028391,-0.00594131326053282,1.08314378350147,-0.00591657000604751,1.08251874825528
0.45553093477052,-0.0053403908494854,1.07609286824127,-0.00588234942443855,1.08277412759566,-0.0058582267327259,1.08216801400995,-0.00583424576638553,1.08156965318205
0.45867252742411,-0.00526441457133903,1.07489825357999,-0.00579922570731756,1.08177739451564,-0.00577583988858493,1.08119712761968,-0.0057525889092595,1.08062410107938
0.4618141200777,-0.00518955081165901,1.07375061138297,-0.0057168529797782,1.08078845077841,-0.00569417304278824,1.08023272057057,-0.00567162147966749,1.07968375252357
0.464955712731289,-0.00511575841620548,1.07264752672965,-0.00563524639345847,1.07980867050651,-0.00561324301062016,1.07927623118173,-0.00559136192938481,1.07875010796216
0.468097305384879,-0.00504299826323956,1.07158671810769,-0.00555441796962325,1.07883928149319,-0.0055330633857304,1.07832894910704,-0.00551182539892714,1.07782451694013
0.471238898038469,-0.00497123315137654,1.07056603130675,-0.00547437685796492,1.0778813742768,-0.00545364480315075,1.07739202439633,-0.00543302398470374,1.07690818714605
0.474380490692059,-0.00490042769280713,1.06958343341264,-0.0053951295809978,1.07693591097836,-0.00537499518782331,1.07646647633239,-0.00535496699159399,1.0760021932462
0.477522083345649,-0.00483054821175505,1.0686370069225,-0.00531668026436111,1.07600373387696,-0.00529711998894045,1.07555320201783,-0.00527766117124928,1.07510748547985
0.480663675999238,-0.00476156264803318,1.06772494399929,-0.00523903085338262,1.07508557370228,-0.00522002240043545,1.07465298468796,-0.00520111094643838,1.07422489799074
0.483805268652828,-0.00469344046555031,1.06684554088027,-0.00516218131629398,1.07418205762622,-0.00514370356802063,1.07376650173333,-0.00512531862183352,1.07335515687699
0.486946861306418,-0.00462615256561177,1.06599719245283,-0.00508612983453238,1.07329371694211,-0.00506816278318123,1.07289433241637,-0.00505028458162876,1.07249888794246
0.490088453960008,-0.00455967120484024,1.06517838700547,-0.00501087298056424,1.07242099441951,-0.00499339766457463,1.0720369652713,-0.00497600747445037,1.07165662413888
0.493230046613598,-0.00449396991755707,1.06438770116368,-0.00493640588370792,1.07156425132825,-0.00491940432729665,1.07119480517878,-0.00490248438599883,1.07082881268778
0.496371639267187,-0.00442902344244678,1.06362379501521,-0.00486272238443847,1.07072377412783,-0.00484617754049832,1.0703681801108,-0.00482971099992108,1.07001582187812
0.499513231920777,-0.00436480765332348,1.06288540742793,-0.00478981517767291,1.06989978082014,-0.00477371087384831,1.06955734754284,-0.00475768174739127,1.0692179475345
0.502654824574367,-0.00430129949383012,1.06217135156365,-0.00471767594552575,1.06909242696563,-0.00470199683334005,1.06876250053345,-0.00468638994590936,1.06843541915691
0.505796417227957,-0.00423847691589119,1.06148051058721,-0.00464629548005702,1.06830181136689,-0.00463102698694484,1.06798377347238,-0.00461582792781479,1.0676684057309
0.508938009881547,-0.00417631882174307,1.06081183357116,-0.0045756637964991,1.06752798142187,-0.00456079208062365,1.067221247502,-0.00454598715902588,1.06691702121362
0.512079602535136,-0.00411480500937522,1.06016433159383,-0.00450577023747667,1.06677093815593,-0.00449128214519356,1.0664749556174,-0.0044768583485072,1.06618132969896
0.515221195188726,-0.0040539161212042,1.05953707402775,-0.00443660356869935,1.06603064093605,-0.00442248659454147,1.06574488745039,-0.00440843154896142,1.06546135026866
0.518362787842316,-0.00399363359582428,1.05892918501596,-0.00436815206663088,1.06530701188034,-0.00435439431568529,1.06503099374817,-0.00434069624923616,1.06475706153723
0.521504380495906,-0.00393393962266708,1.05833984013048,-0.00430040359858896,1.06459993996801,-0.00428699375114805,1.06433319055348,-0.00427364145893172,1.0640684058992
0.524645973149495,-0.00387481709941495,1.05776826320903,-0.00423334569575551,1.06390928486309,-0.00422027297411653,1.06365136309722,-0.00420725578566949,1.06339529348785
0.527787565803085,-0.00381624959202098,1.05721372336516,-0.00416696561953567,1.06323488046205,-0.00415421975683394,1.06298536941372,-0.00414152750548713,1.06273760585625
0.530929158456675,-0.00375822129718395,1.05667553216464,-0.00410125042170173,1.06257653817582,-0.0040888216326701,1.06233504369052,-0.00407644462679302,1.06209519939164
0.534070751110265,-0.00370071700713703,1.05615304096325,-0.00403618699874719,1.06193404995968,-0.00402406595228788,1.0617001993639,-0.00401199494831583,1.06146790847358
0.537212343763855,-0.00364372207661889,1.05564563839915,-0.00397176214083694,1.0613071911013,-0.00395993993430588,1.06108063197109,-0.00394816611144821,1.06085554838891
0.540353936417444,-0.00358722239190246,1.05515274803508,-0.0039079625757551,1.06069572278111,-0.00389643071085477,1.06047612177267,-0.00388494564738695,1.06025791801371
0.543495529071034,-0.0035312043417397,1.05467382614059,-0.00384477500820524,1.06009939441456,-0.00383352536839465,1.05988643615595,-0.00382232101943403,1.05967480227533
0.546637121724624,-0.00347565479013201,1.05420835961236,-0.00378218615481674,1.05951794579149,-0.00377121098414668,1.05931133183253,-0.00376027966083337,1.05910597440624
0.549778714378214,-0.00342056105077881,1.05375586402065,-0.00372018277518515,1.05895110902115,-0.00370947465847171,1.05875055684017,-0.00369880900846253,1.05855119800112
0.552920307031804,-0.00336591086314153,1.05331588178249,-0.00365875169927032,1.05839861029813,-0.00364830354352197,1.05820385236288,-0.00363789653271063,1.05801022888814
0.556061899685393,-0.00331169236997797,1.05288798044787,-0.0035978798514309,1.05786017149736,-0.0035876848684544,1.05767095437823,-0.00357752976386116,1.05748281682839
0.559203492338983,-0.00325789409628452,1.05247175109852,-0.00353755427139446,1.05733551161269,-0.00352760596150303,1.05715159514575,-0.0035176963152328,1.05696870705079
0.562345084992573,-0.00320450492953639,1.05206680685022,-0.00347776213240503,1.05682434804614,-0.00346805426916275,1.0566455045447,-0.00345838390338948,1.05646764163777
0.565486677646163,-0.00315151410115222,1.05167278145365,-0.00341849075681322,1.05632639776185,-0.00340901737273791,1.05615241127241,-0.00339958036563515,1.0559793607668
0.568628270299753,-0.00309891116909378,1.05128932798834,-0.00335972762932146,1.05584137831217,-0.00335048300250385,1.05567204391558,-0.00334127367505943,1.0555036038238
0.571769862953342,-0.00304668600153657,1.0509161176443,-0.00330146040811397,1.05536900874711,-0.00329243904966858,1.05520413189904,-0.00328345195333635,1.05504011039273
0.574911455606932,-0.00299482876152524,1.05055283858509,-0.00324367693405825,1.05490901041492,-0.0032348735763742,1.05474840632767,-0.00322610348149688,1.05458862113404
0.578053048260522,-0.0029433298925613,1.05019919488843,-0.00318636523817195,1.05446110766356,-0.00317777482389836,1.05430460072358,-0.00316921670885617,1.05414887855966
0.581194640914112,-0.00289218010505432,1.04985490555957,-0.003129513547524,1.05402502845094,-0.00312113121924507,1.05387245167285,-0.0031127802602815,1.05372062771205
0.584336233567702,-0.00284137036357701,1.04951970361138,-0.00307311028973167,1.0536005048719,-0.00306493138027819,1.05345169938389,-0.00305678294196154,1.05330361675688
0.587477826221291,-0.00279089187487236,1.04919333520879,-0.00301714409619258,1.05318727360791,-0.00300916411956587,1.05304208817118,-0.00300121374583417,1.05289759749571
0.590619418874881,-0.00274073607656178,1.04887555887189,-0.00296160380420019,1.05278507630909,-0.00295381844704889,1.05264336686558,-0.00294606185280832,1.05250232580534
0.593761011528471,-0.00269089462650351,1.04856614473442,-0.00290647845805514,1.05239365991247,-0.00289888357167178,1.05225528916,-0.00289131663491304,1.05211756201172
0.596902604182061,-0.00264135939275845,1.04826487385349,-0.00285175730928899,1.05201277690294,-0.00284434890210561,1.05187761389871,-0.00283696765649111,1.05174307120343
0.600044196835651,-0.00259212244412876,1.047971537569,-0.00279742981611608,1.05164218552512,-0.00279020404663788,1.05151010531131,-0.00278300467454395,1.05137862349038
0.60318578948924,-0.00254317604121179,1.04768593690479,-0.00274348564218496,1.05128164994618,-0.0027364388123654,1.05115253320124,-0.00272941763833956,1.05102399421521
0.60632738214283,-0.00249451262795775,1.04740788201446,-0.00268991465474355,1.05093094038002,-0.00268304320374613,1.05080467309059,-0.0026761966883494,1.05067896411836
0.60946897479642,-0.00244612482367834,1.04713719166437,-0.00263670692227724,1.05058983317361,-0.00263000742060748,1.05046630632704,-0.00262333215463018,1.05034331946624
0.61261056745001,-0.00239800541548285,1.0468736927528,-0.00258385271169881,1.05025811086114,-0.0025773218556856,1.05013722015761,-0.00257081455469144,1.05001685214227
0.6157521601036,-0.00235014735111494,1.04661721986266,-0.00253134248515297,1.04993556218894,-0.00252497709174937,1.04981720777137,-0.00251863459094426,1.04969935970779
0.618893752757189,-0.00230254373215688,1.04636761484549,-0.00247916689649963,1.0496219821154,-0.00247296389838436,1.04950606831602,-0.00246678314778082,1.0493906454359
0.622035345410779,-0.00225518780758494,1.04612472643446,-0.0024273167875225,1.04931717178961,-0.00242127322848118,1.04920360689218,-0.0024152512883352,1.04909051831911
0.625176938064369,-0.00220807296764169,1.04588840988321,-0.00237578318390042,1.04902093850817,-0.00236989621447681,1.0489096345263,-0.00236403025098564,1.04879879305774
0.628318530717959,-0.00216119273800885,1.04565852663002,-0.00232455729101111,1.04873309565888,-0.00231882416439555,1.04862396812572,-0.00231311144564106,1.0485152900292
0.631460123371548,-0.00211454077426931,1.04543494398563,-0.0022736304895804,1.04845346264763,-0.00226804855773155,1.04834643042081,-0.0022624864498435,1.0482398352406
0.634601716025138,-0.00206811085662562,1.04521753484172,-0.00222299433121287,1.04818186481423,-0.00221756104119741,1.04807684989127,-0.00221214700473527,1.04797226026892
0.637743308678728,-0.00202189688485865,1.04500617739825,-0.00217264053384902,1.04791813333847,-0.00216735342437757,1.04781506068385,-0.00216208501090498,1.04771240218798
0.640884901332318,-0.00197589287352895,1.0448007549116,-0.00212256097715646,1.0476621051373,-0.00211741767531493,1.04756090252057,-0.00211229252416489,1.04746010348788
0.644026493985908,-0.00193009294738011,1.04460115545723,-0.00207274769789112,1.04741362275551,-0.0020677459160422,1.04731422059824,-0.00206276175125286,1.04721521198313
0.647168086639497,-0.00188449133694635,1.04440727170917,-0.00202319288523967,1.04717253425139,-0.00201833041809774,1.04707486548381,-0.00201348504551857,1.04697758071852
0.650309679293087,-0.00183908237435415,1.04421900073489,-0.00197388887617056,1.04693869307811,-0.00196916359802579,1.04684269300406,-0.00196445490257136,1.04674706786529
0.653451271946677,-0.00179386048928631,1.04403624380163,-0.00192482815079598,1.04671195796253,-0.00192023801289121,1.04661756413224,-0.0019156639559379,1.04652353661583
0.656592864600267,-0.00174882020512235,1.04385890619722,-0.00187600332776861,1.04649219278149,-0.00187154635581122,1.04639934487223,-0.00186710497274423,1.04630685507683
0.659734457253857,-0.00170395613523011,1.04368689706217,-0.00182740715971574,1.04627926643733,-0.00182308145152077,1.04618790614054,-0.00181877084938975,1.04609689615522
0.662876049907446,-0.001659262979402,1.04352012923237,-0.00177903252873235,1.04607305273429,-0.00177483625198704,1.04598312364888,-0.00177065460729742,1.04589353744913
0.666017642561036,-0.00161473552041702,1.04335851909005,-0.00173087244192349,1.04587343025348,-0.00172680383206503,1.04578487778495,-0.00172274938867878,1.04569666113397
0.669159235214626,-0.00157036862075366,1.04320198642887,-0.00168292002701398,1.04568028222957,-0.00167897738522582,1.04559305349664,-0.0016750484523671,1.0455061538514
0.672300827868216,-0.00152615721939642,1.04305045432199,-0.00163516852803391,1.04549349643036,-0.00163135021933292,1.0454075401737,-0.00162754516970087,1.04532190659707
0.675442420521806,-0.00148209632877272,1.04290384900254,-0.00158761130106788,1.04531296503546,-0.0015839157524995,1.0452282315342,-0.00158023302047161,1.04514381461103
0.678584013175395,-0.00143818103178706,1.04276209974917,-0.00154024181009171,1.04513858452065,-0.00153666750900738,1.0450550255108,-0.00153310558894149,1.04497177726899
0.681725605828985,-0.00139440647895661,1.04262513877969,-0.00149305362287788,1.04497025554149,-0.00148959911530999,1.0448878241408,-0.00148615655992601,1.04480569797619
0.684867198482575,-0.0013507678856447,1.04249290115157,-0.00144604040699181,1.04480788282304,-0.00144270429610482,1.04472653345823,-0.00143937971495045,1.04464548406311
0.688008791136165,-0.00130726052937391,1.04236532466746,-0.00139919592585924,1.04465137504985,-0.00139597687048509,1.04457106338868,-0.00139276892848095,1.04449104668417
0.691150383789755,-0.00126387974722686,1.04224234978713,-0.0013525140349202,1.04450064476073,-0.00134941074816386,1.0444213276464,-0.00134631816422481,1.04434230071873
0.694291976443344,-0.00122062093332798,1.0421239195449,-0.00130598867786946,1.04435560824763,-0.00130299992578697,1.04427724363676,-0.00130002147150921,1.04419916467542
0.697433569096934,-0.00117747953639158,1.04200997947169,-0.00125961388296492,1.04421618545602,-0.00125673848331243,1.04413873235982,-0.00125387298173074,1.04406156059933
0.700575161750524,-0.00113445105734511,1.04190047752212,-0.00121338375942326,1.04408229989026,-0.0012106205804675,1.04400571831794,-0.00120786690487806,1.04392941398254
0.703716754404114,-0.00109153104701176,1.04179536400549,-0.00116729249389025,1.04395387852173,-0.00116464045328601,1.04387812942739,-0.00116199752612911,1.04380265367776
0.706858347057704,-0.00104871510385984,1.04169459152159,-0.0011213343469928,1.04383085170244,-0.00111879241071422,1.04375589693339,-0.00111625920251235,1.0436812118153
0.709999939711293,-0.00100599887180886,1.04159811490065,-0.00107550364995357,1.04371315307958,-0.00107307083128561,1.04363895532699,-0.00107064635965015,1.04356502372438
0.713141532364883,-0.000963378038085549,1.04150589114548,-0.0010297948012884,1.04360071951634,-0.00102747015987248,1.04352724226845,-0.00102515348854904,1.04345402785507
0.716283125018473,-0.000920848331137369,1.04141787937927,-0.000984202263566658,1.0434934910141,-0.00098198490450041,1.04342069851177,-0.000979775142474937,1.04334816570744
0.719424717672063,-0.00087840551858398,1.04133404079445,-0.000938720560239803,1.04339141064086,-0.000936609633223395,1.04331926783303,-0.000934505933877672,1.04324738176067
0.722566310325652,-0.000836045405225971,1.04125433860649,-0.000893344272534846,1.04329442446038,-0.000891338971068412,1.04322289696318,-0.000889340531384675,1.04315162340768
0.725707902979242,-0.000793763831088312,1.04117873801023,-0.000848068036412908,1.04320248146793,-0.000846167597040481,1.04313153552437,-0.000844273656847028,1.04306084089255
0.728849495632832,-0.000751556669501774,1.04110720613789,-0.000802886539574721,1.04311553352651,-0.000801090241174918,1.04304513596784,-0.000799300082441889,1.04297498725014
0.731991088286422,-0.000709419825229984,1.04103971202219,-0.000757794518537191,1.04303353530877,-0.00075610168165452,1.04296365351726,-0.000754414627833655,1.04289401825115
0.735132680940012,-0.000667349232621461,1.04097622655937,-0.000712786755754258,1.04295644424177,-0.000711196741977838,1.04288704611474,-0.000709612157377526,1.04281789234849
0.738274273593601,-0.000625340853798617,1.04091672247607,-0.000667858076790151,1.04288422045497,-0.000666370288163853,1.0428152743691,-0.000664887577373818,1.04274657062725
0.741415866247191,-0.000583390676877626,1.04086117429913,-0.000623003347539397,1.04281682673127,-0.000621617226025606,1.04274830150937,-0.000620235833374339,1.04268001675904
0.744557458900781,-0.000541494714210833,1.04080955832586,-0.00057821747149156,1.04275422846165,-0.000576932498463023,1.04268609333953,-0.00057565190751907,1.04261819695781
0.747699051554371,-0.000499649000667235,1.04076185259959,-0.000533495387042726,1.04269639360335,-0.000532311082814818,1.04262861819752,-0.000531130815921044,1.04256107993975
0.750840644207961,-0.000457849591918635,1.04071803688287,-0.000488832064835409,1.04264329264044,-0.000487747988237364,1.04257584691678,-0.000486667606085289,1.04250863688551
0.75398223686155,-0.000416092562764758,1.0406780926373,-0.000444222505146308,1.04259489854842,-0.000443238253128864,1.04252775279223,-0.00044225735436354,1.04246084140605
0.75712382951514,-0.000374374005467915,1.04064200300257,-0.000399661735293377,1.04255118676032,-0.000398776942569845,1.04248431154599,-0.000397895163439466,1.04241766951103
0.76026542216873,-0.000332690028108096,1.04060975277736,-0.000355144807094199,1.04251213513873,-0.00035435914581361,1.04244550130031,-0.000353576159846547,1.04237909958098
0.76340701482232,-0.000291036752957385,1.04058132840445,-0.0003106667943229,1.04247772394694,-0.000309979973785346,1.04241130254946,-0.000309295491498496,1.04234511233934
0.76654860747591,-0.000249410314867138,1.04055671795516,-0.000266222790221149,1.04244793582609,-0.000265634556618544,1.04238169813779,-0.000265048325267858,1.04231569083211
0.769690200129499,-0.000207806859665149,1.04053591111654,-0.000221807905012694,1.04242275577477,-0.000221318041205731,1.04235667323824,-0.000220829844560289,1.04229082040576
0.772831792783089,-0.000166222542570038,1.04051889918109,-0.000177417263437896,1.04240217112859,-0.000177025588768642,1.04233621533506,-0.000176635246924128,1.04227048869093
0.775973385436679,-0.000124653526609064,1.04050567503673,-0.000133046002316672,1.04238617154809,-0.000132752372445144,1.04232031420768,-0.000132459741666424,1.04225468558671
0.779114978090269,-8.30959810490528e-05,1.04049623316008,-8.86892681103424e-05,1.04237474900317,-8.84935748942661e-05,1.04230896192025,-8.82985474882636e-05,1.04224340324973
0.782256570743859,-4.15460798286471e-05,1.04049056960939,-4.4342214505888e-05,1.04236789776571,-4.42443859006714e-05,1.04230215281058,-4.41468901258846e-05,1.0422366360841
0.785398163397448,-9.99200722162641e-16,1.04048868202167,-1.33226762955019e-15,1.04236561440161,-1.22124532708767e-15,1.04229988348469,-5.55111512312578e-16,1.04223438073478
0.788539756051038,4.1546079828314e-05,1.04049056960942,4.43422145062211e-05,1.04236789776566,4.42443859004493e-05,1.04230215281064,4.41468901257736e-05,1.04223663608418
0.791681348704628,8.30959810483867e-05,1.0404962331601,8.86892681101203e-05,1.04237474900329,8.8493574893822e-05,1.04230896192032,8.82985474881526e-05,1.04224340324979
0.794822941358218,0.00012465352660973,1.04050567503677,0.000133046002316561,1.042386171548,0.000132752372445588,1.04232031420773,0.000132459741666757,1.04225468558659
0.797964534011807,0.000166222542569927,1.04051889918111,0.000177417263437563,1.04240217112863,0.000177025588768753,1.04233621533504,0.000176635246923462,1.0422704886909
0.801106126665397,0.000207806859665038,1.04053591111652,0.000221807905012139,1.04242275577475,0.00022131804120662,1.04235667323834,0.000220829844560955,1.04229082040564
0.804247719318987,0.000249410314866472,1.04055671795509,0.00026622279022126,1.04244793582624,0.00026563455661921,1.04238169813781,0.000265048325267636,1.04231569083216
0.807389311972577,0.000291036752956164,1.04058132840468,0.000310666794322456,1.04247772394703,0.000309979973784791,1.04241130254961,0.000309295491498163,1.04234511233946
0.810530904626167,0.000332690028107541,1.04060975277729,0.000355144807092977,1.04251213513883,0.000354359145812944,1.04244550130033,0.000353576159845881,1.04237909958098
0.813672497279756,0.000374374005467693,1.04064200300261,0.000399661735293932,1.04255118676043,0.000398776942570289,1.04248431154605,0.000397895163440132,1.04241766951126
0.816814089933346,0.000416092562765757,1.04067809263727,0.000444222505145864,1.04259489854823,0.000443238253128642,1.04252775279218,0.000442257354363762,1.04246084140591
0.819955682586936,0.000457849591918635,1.04071803688296,0.000488832064835409,1.04264329264043,0.000487747988237253,1.04257584691696,0.000486667606084845,1.04250863688539
0.823097275240526,0.000499649000667346,1.04076185259956,0.000533495387042726,1.04269639360331,0.000532311082813819,1.04262861819754,0.000531130815920711,1.04256107993972
0.826238867894115,0.000541494714211166,1.04080955832577,0.000578217471491227,1.04275422846153,0.000576932498462579,1.04268609333948,0.000575651907519292,1.04261819695785
0.829380460547705,0.000583390676876627,1.04086117429894,0.000623003347538398,1.04281682673116,0.000621617226025606,1.04274830150929,0.000620235833374227,1.04268001675926
0.832522053201295,0.000625340853798728,1.04091672247605,0.000667858076789818,1.04288422045497,0.000666370288164631,1.042815274369,0.000664887577373596,1.04274657062741
0.835663645854885,0.000667349232622017,1.04097622655942,0.000712786755753703,1.04295644424179,0.000711196741976505,1.04288704611485,0.000709612157376194,1.04281789234861
0.838805238508475,0.000709419825229651,1.04103971202266,0.000757794518536747,1.04303353530885,0.000756101681655297,1.04296365351724,0.000754414627833544,1.04289401825131
0.841946831162064,0.000751556669501441,1.04110720613809,0.000802886539574055,1.04311553352658,0.000801090241174918,1.04304513596772,0.000799300082442889,1.04297498724996
0.845088423815654,0.000793763831087424,1.04117873801028,0.000848068036412686,1.04320248146811,0.000846167597040037,1.04313153552445,0.000844273656846806,1.0430608408925
0.848230016469244,0.000836045405225971,1.0412543386065,0.000893344272535734,1.04329442446053,0.000891338971069078,1.04322289696313,0.00088934053138523,1.04315162340761
0.851371609122834,0.000878405518584202,1.0413340407943,0.000938720560239026,1.04339141064091,0.000936609633222729,1.04331926783295,0.000934505933877228,1.04324738176067
0.854513201776424,0.000920848331137925,1.04141787937916,0.000984202263566658,1.04349349101405,0.000981984904501187,1.0434206985116,0.000979775142474493,1.04334816570733
0.857654794430013,0.000963378038086882,1.04150589114546,0.00102979480128806,1.04360071951633,0.00102747015987292,1.04352724226866,0.00102515348854848,1.04345402785514
0.860796387083603,0.00100599887180863,1.04159811490071,0.00107550364995279,1.04371315307978,0.00107307083128483,1.04363895532711,0.00107064635965004,1.04356502372427
0.863937979737193,0.00104871510385962,1.04169459152168,0.00112133434699246,1.04383085170259,0.00111879241071411,1.0437558969333,0.00111625920251268,1.04368121181531
0.867079572390783,0.00109153104701054,1.0417953640054,0.00116729249389025,1.04395387852169,0.00116464045328646,1.04387812942739,0.00116199752612756,1.04380265367773
0.870221165044373,0.00113445105734533,1.041900477522,0.00121338375942293,1.04408229989019,0.00121062058046728,1.04400571831794,0.0012078669048774,1.04392941398254
0.873362757697962,0.0011774795363928,1.04200997947173,0.00125961388296558,1.04421618545594,0.00125673848331231,1.04413873235984,0.00125387298173052,1.04406156059925
0.876504350351552,0.00122062093332864,1.04212391954491,0.00130598867786991,1.04435560824768,0.00130299992578731,1.04427724363675,0.00130002147150943,1.04419916467528
0.879645943005142,0.00126387974722686,1.04224234978714,0.0013525140349202,1.0445006447606,0.00134941074816386,1.04442132764657,0.00134631816422504,1.04434230071869
0.882787535658732,0.00130726052937402,1.04236532466723,0.00139919592585791,1.04465137504965,0.00139597687048487,1.04457106338855,0.00139276892848006,1.04449104668424
0.885929128312322,0.00135076788564459,1.04249290115138,0.00144604040699226,1.04480788282291,0.00144270429610527,1.04472653345828,0.00143937971495101,1.04464548406306
0.889070720965911,0.00139440647895617,1.04262513877959,0.00149305362287833,1.04497025554167,0.00148959911531032,1.04488782414073,0.00148615655992557,1.0448056979761
0.892212313619501,0.00143818103178661,1.04276209974895,0.00154024181009216,1.04513858452064,0.00153666750900683,1.04505502551069,0.00153310558894149,1.04497177726893
0.895353906273091,0.00148209632877316,1.04290384900246,0.00158761130106855,1.04531296503545,0.00158391575249905,1.04522823153389,0.00158023302047128,1.04514381461102
0.898495498926681,0.00152615721939653,1.04305045432213,0.00163516852803425,1.04549349643027,0.00163135021933292,1.04540754017372,0.00162754516970043,1.04532190659717
0.901637091580271,0.00157036862075377,1.04320198642903,0.00168292002701398,1.04568028222973,0.00167897738522549,1.04559305349658,0.00167504845236721,1.04550615385142
0.90477868423386,0.00161473552041735,1.04335851909013,0.00173087244192249,1.04587343025358,0.00172680383206547,1.04578487778476,0.00172274938867922,1.04569666113374
0.90792027688745,0.00165926297940178,1.0435201292322,0.00177903252873268,1.04607305273431,0.00177483625198627,1.04598312364871,0.00177065460729742,1.04589353744891
0.91106186954104,0.00170395613523044,1.0436868970624,0.00182740715971541,1.04627926643736,0.0018230814515211,1.04618790614046,0.00181877084938942,1.04609689615515
0.91420346219463,0.00174882020512246,1.04385890619712,0.00187600332776694,1.04649219278159,0.0018715463558111,1.04639934487224,0.00186710497274345,1.04630685507691
0.91734505484822,0.00179386048928509,1.04403624380165,0.00192482815079575,1.04671195796254,0.00192023801289187,1.04661756413222,0.00191566395593901,1.04652353661613
0.920486647501809,0.00183908237435437,1.04421900073483,0.00197388887617012,1.04693869307828,0.00196916359802624,1.04684269300394,0.00196445490257047,1.04674706786505
0.923628240155399,0.00188449133694679,1.04440727170925,0.00202319288523956,1.04717253425118,0.00201833041809729,1.04707486548377,0.0020134850455179,1.0469775807187
0.926769832808989,0.00193009294738011,1.04460115545718,0.00207274769789045,1.04741362275554,0.0020677459160422,1.04731422059798,0.00206276175125342,1.0472152119831
0.929911425462579,0.00197589287352928,1.04480075491152,0.00212256097715569,1.04766210513742,0.00211741767531426,1.04756090252059,0.00211229252416334,1.04746010348806
0.933053018116168,0.00202189688485788,1.04500617739845,0.00217264053384869,1.0479181333386,0.00216735342437735,1.04781506068391,0.00216208501090553,1.04771240218801
0.936194610769758,0.00206811085662528,1.04521753484168,0.00222299433121287,1.04818186481424,0.00221756104119653,1.04807684989126,0.00221214700473582,1.04797226026876
0.939336203423348,0.00211454077426954,1.04543494398577,0.00227363048958029,1.04845346264759,0.00226804855773111,1.04834643042079,0.00226248644984417,1.04823983524054
0.942477796076938,0.00216119273800741,1.04565852663033,0.00232455729101178,1.04873309565862,0.00231882416439544,1.04862396812555,0.0023131114456405,1.04851529002924
0.945619388730528,0.00220807296764092,1.04588840988331,0.00237578318389953,1.04902093850822,0.0023698962144757,1.0489096345263,0.00236403025098564,1.04879879305765
0.948760981384117,0.00225518780758571,1.04612472643439,0.00242731678752284,1.04931717178937,0.00242127322848062,1.04920360689233,0.00241525128833542,1.04909051831896
0.951902574037707,0.00230254373215721,1.04636761484542,0.00247916689650063,1.04962198211538,0.00247296389838447,1.049506068316,0.0024667831477817,1.04939064543578
0.955044166691297,0.00235014735111427,1.04661721986265,0.00253134248515208,1.04993556218888,0.00252497709174937,1.04981720777122,0.00251863459094437,1.04969935970778
0.958185759344887,0.00239800541548307,1.04687369275265,0.00258385271169814,1.05025811086113,0.00257732185568538,1.05013722015755,0.00257081455469133,1.05001685214212
0.961327351998477,0.00244612482367923,1.04713719166442,0.0026367069222768,1.05058983317364,0.00263000742060804,1.05046630632694,0.00262333215463018,1.05034331946615
0.964468944652066,0.00249451262795852,1.04740788201452,0.00268991465474422,1.05093094037983,0.00268304320374613,1.0508046730905,0.00267619668835017,1.05067896411824
0.967610537305656,0.00254317604121246,1.04768593690475,0.00274348564218452,1.0512816499462,0.00273643881236585,1.05115253320114,0.00272941763833923,1.05102399421516
0.970752129959246,0.0025921224441281,1.04797153756902,0.00279742981611586,1.05164218552509,0.00279020404663743,1.05151010531135,0.00278300467454451,1.05137862349025
0.973893722612836,0.00264135939275778,1.04826487385358,0.00285175730928977,1.05201277690282,0.00284434890210461,1.05187761389886,0.00283696765649044,1.05174307120348
0.977035315266426,0.00269089462650318,1.04856614473405,0.0029064784580547,1.05239365991242,0.00289888357167289,1.05225528915996,0.00289131663491293,1.0521175620118
0.980176907920015,0.00274073607656111,1.04887555887194,0.00296160380420007,1.05278507630918,0.00295381844704901,1.05264336686552,0.0029460618528081,1.05250232580543
0.983318500573605,0.00279089187487203,1.04919333520892,0.00301714409619247,1.05318727360785,0.00300916411956587,1.05304208817133,0.00300121374583417,1.0528975974957
0.986460093227195,0.00284137036357657,1.04951970361153,0.00307311028973212,1.05360050487181,0.00306493138027797,1.05345169938384,0.00305678294196143,1.0533036167567
0.989601685880785,0.00289218010505288,1.04985490555988,0.00312951354752455,1.05402502845121,0.00312113121924473,1.05387245167261,0.00311278026028083,1.05372062771217
0.992743278534375,0.00294332989256152,1.05019919488839,0.00318636523817228,1.05446110766355,0.00317777482389858,1.05430460072373,0.0031692167088555,1.05414887855992
0.995884871187964,0.00299482876152535,1.05055283858485,0.00324367693405814,1.05490901041491,0.00323487357637431,1.05474840632756,0.00322610348149732,1.05458862113404
0.999026463841554,0.00304668600153646,1.05091611764422,0.00330146040811308,1.05536900874713,0.00329243904966703,1.05520413189917,0.00328345195333635,1.05504011039268
1.00216805649514,0.00309891116909289,1.05128932798866,0.00335972762932046,1.0558413783123,0.00335048300250218,1.05567204391565,0.00334127367505976,1.05550360382353
1.00530964914873,0.00315151410115155,1.05167278145355,0.003418490756812,1.05632639776182,0.00340901737273835,1.05615241127218,0.00339958036563548,1.05597936076663
1.00845124180232,0.00320450492953639,1.05206680685033,0.00347776213240447,1.05682434804624,0.00346805426916141,1.05664550454487,0.00345838390338926,1.05646764163766
1.01159283445591,0.00325789409628396,1.05247175109856,0.00353755427139424,1.05733551161258,0.00352760596150259,1.05715159514594,0.00351769631523169,1.05696870705115
1.0147344271095,0.00331169236997675,1.05288798044796,0.00359787985143178,1.0578601714973,0.00358768486845484,1.05767095437804,0.00357752976385983,1.0574828168286
1.01787601976309,0.00336591086314009,1.05331588178252,0.00365875169926944,1.05839861029807,0.00364830354352064,1.058203852363,0.00363789653271063,1.05801022888816
1.02101761241668,0.0034205610507787,1.05375586402058,0.0037201827751856,1.05895110902101,0.00370947465847005,1.05875055684041,0.00369880900846198,1.05855119800117
1.02415920507027,0.00347565479013023,1.05420835961244,0.00378218615481551,1.05951794579157,0.00377121098414568,1.05931133183267,0.00376027966083359,1.0591059744063
1.02730079772386,0.00353120434174059,1.05467382614037,0.00384477500820513,1.06009939441468,0.00383352536839565,1.05988643615568,0.00382232101943436,1.05967480227511
1.03044239037745,0.00358722239190201,1.05515274803491,0.00390796257575432,1.06069572278124,0.00389643071085377,1.06047612177289,0.00388494564738573,1.06025791801371
1.03358398303104,0.00364372207661789,1.05564563839938,0.00397176214083661,1.06130719110122,0.00395993993430688,1.06108063197078,0.00394816611144888,1.06085554838861
1.03672557568463,0.00370071700713637,1.05615304096332,0.00403618699874664,1.06193404995942,0.00402406595228744,1.06170019936387,0.00401199494831528,1.06146790847354
1.03986716833822,0.00375822129718517,1.05667553216424,0.00410125042170084,1.06257653817595,0.00408882163266888,1.06233504369076,0.00407644462679202,1.06209519939198
1.04300876099181,0.00381624959202131,1.05721372336511,0.00416696561953467,1.06323488046213,0.00415421975683206,1.06298536941392,0.00414152750548724,1.06273760585621
1.0461503536454,0.00387481709941406,1.05776826320909,0.00423334569575506,1.06390928486338,0.0042202729741152,1.06365136309779,0.00420725578566938,1.06339529348809
1.04929194629899,0.00393393962266497,1.05833984013074,0.00430040359858941,1.06459993996785,0.00428699375114827,1.06433319055359,0.00427364145893305,1.06406840589868
1.05243353895258,0.00399363359582283,1.05892918501631,0.00436815206663077,1.06530701188031,0.0043543943156843,1.06503099374839,0.0043406962492365,1.06475706153708
1.05557513160617,0.00405391612120365,1.05953707402783,0.00443660356869846,1.06603064093633,0.00442248659454147,1.0657448874501,0.00440843154896053,1.06546135026885
1.05871672425976,0.00411480500937378,1.06016433159439,0.004505770237476,1.06677093815582,0.0044912821451919,1.0664749556177,0.00447685834850464,1.06618132969949
1.06185831691335,0.00417631882174252,1.06081183357134,0.00457566379649865,1.06752798142204,0.00456079208062277,1.06722124750223,0.00454598715902477,1.06691702121369
1.06499990956694,0.00423847691589141,1.06148051058685,0.00464629548005746,1.06830181136681,0.00463102698694451,1.0679837734722,0.00461582792781545,1.06766840573054
1.06814150222053,0.00430129949382918,1.06217135156417,0.00471767594552719,1.06909242696527,0.00470199683333994,1.06876250053333,0.00468638994590975,1.06843541915669
1.07128309487412,0.00436480765332359,1.06288540742781,0.00478981517767307,1.06989978082012,0.00477371087384837,1.06955734754302,0.00475768174739111,1.06921794753451
1.07442468752771,0.00442902344244556,1.06362379501554,0.00486272238443908,1.07072377412775,0.00484617754049799,1.07036818011062,0.00482971099992113,1.07001582187799
1.0775662801813,0.00449396991755591,1.06438770116398,0.00493640588370736,1.07156425132851,0.00491940432729532,1.0711948051792,0.00490248438599794,1.07082881268797
1.08070787283489,0.00455967120484058,1.0651783870053,0.00501087298056402,1.07242099441952,0.00499339766457418,1.07203696527164,0.00497600747445093,1.07165662413883
1.08384946548848,0.00462615256561216,1.06599719245271,0.00508612983453194,1.07329371694227,0.00506816278318034,1.07289433241668,0.00505028458163004,1.07249888794212
1.08699105814207,0.00469344046554987,1.06684554088051,0.00516218131629498,1.07418205762594,0.00514370356802041,1.07376650173333,0.00512531862183319,1.07335515687703
1.09013265079566,0.00476156264803218,1.06772494399959,0.00523903085338318,1.07508557370186,0.00522002240043529,1.07465298468796,0.00520111094643871,1.07422489799069
1.09327424344925,0.00483054821175433,1.06863700692266,0.00531668026436094,1.07600373387708,0.00529711998894156,1.0755532020176,0.00527766117124906,1.07510748547989
1.09641583610284,0.0049004276928073,1.06958343341258,0.00539512958099708,1.07693591097851,0.00537499518782347,1.07646647633236,0.00535496699159421,1.07600219324606
1.09955742875643,0.00497123315137693,1.07056603130669,0.00547437685796415,1.07788137427716,0.00545364480315036,1.07739202439634,0.00543302398470336,1.07690818714601
1.10269902141002,0.00504299826323962,1.07158671810769,0.00555441796962319,1.07883928149334,0.00553306338573067,1.07832894910689,0.00551182539892658,1.07782451694041
1.10584061406361,0.00511575841620449,1.07264752673011,0.00563524639345814,1.07980867050676,0.0056132430106195,1.07927623118209,0.00559136192938303,1.07875010796253
1.1089822067172,0.00518955081165773,1.0737506113832,0.00571685297977864,1.08078845077839,0.00569417304278641,1.08023272057102,0.00567162147966593,1.07968375252407
1.11212379937079,0.00526441457133986,1.07489825357977,0.00579922570731717,1.08177739451583,0.00577583988858454,1.08119712761976,0.00575258890925956,1.08062410107945
1.11526539202438,0.0053403908494849,1.07609286824143,0.00588234942443777,1.08277412759592,0.00585822673272673,1.08216801400982,0.00583424576638536,1.08156965318222
1.11840698467797,0.00541752295044851,1.07733700987652,0.00596620557565752,1.08377712028388,0.00594131326053393,1.08314378350122,0.00591657000604662,1.08251874825553
1.12154857733156,0.00549585645186701,1.07863337881295,0.00605077191330272,1.08478467777781,0.00602507536524488,1.08412267252043,0.00599953569307932,1.08346955622478
1.12469016998515,0.00557543933347193,1.07998482743632,0.00613602219415532,1.08579493061484,0.00610948484027807,1.08510274062683,0.00608311269011574,1.08442006804691
1.12783176263874,0.00565632211156131,1.08139436641189,0.00622192586100789,1.08680582499105,0.00619450905637664,1.08608186091074,0.00616726633043196,1.08536808618293
1.13097335529233,0.00573855797916667,1.0828651708373,0.00630844770915684,1.08781511303341,0.0062801106237107,1.08705771036252,0.00625195707571913,1.08631121507223
1.13411494794592,0.00582220295186708,1.08440058628958,0.0063955475379136,1.08882034308727,0.00636624703900002,1.08802776028289,0.00633714015896558,1.0872468516501
1.1372565405995,0.00590731601923666,1.08600413470597,0.00648317978734303,1.0898188500739,0.00645287031795116,1.08898926677433,0.00642276521262475,1.08817217599562
1.14039813325309,0.00599395930178837,1.08767952004808,0.00657129316053484,1.09080774597881,0.0065399266132633,1.08993926140578,0.00650877588251375,1.08908414214882
1.14353972590668,0.00608219821329192,1.08943063368397,0.00665983023178596,1.09178391055056,0.006627355818698,1.09087454209827,0.00659510942783026,1.08997946919472
1.14668131856027,0.00617210162828163,1.09126155941933,0.00674872704125984,1.09274398227656,0.00671509115975022,1.09179166432106,0.00668169630796167,1.09085463267139
1.14982291121386,0.00626374205447444,1.09317657810678,0.0068379126767486,1.09368434972209,0.00680305877161169,1.09268693267809,0.00676845975674167,1.09170585640193
1.15296450386745,0.0063571958098334,1.09518017174793,0.00692730884335191,1.09460114330682,0.00689117726527733,1.09355639296283,0.00685531534507988,1.09252910482459
1.15610609652104,0.00645254320387201,1.09727702700166,0.00701682942197013,1.09549022762582,0.00697935728271148,1.09439582478808,0.00694217053292578,1.0933200759211
1.15924768917463,0.00654986872276919,1.09947203801156,0.00710638001770625,1.0963471943904,0.00706750104226561,1.09520073486319,0.00702892421176449,1.09407419483194
1.16238928182822,0.0066492612177782,1.10177030844106,0.00719585749939977,1.09716735609686,0.00715550187553227,1.09596635103669,0.00711546623892811,1.09478660826142
1.16553087448181,0.00675081409631906,1.10417715261956,0.00728514953164061,1.09794574051991,0.00724324375711571,1.09668761719754,0.00720167696521568,1.09545217977107
1.1686724671354,0.00685462551507743,1.10669809567849,0.0073741341008382,1.09867708613484,0.00733060082889647,1.09735918912716,0.007287426757425,1.09606548607022
1.17181405978899,0.00696079857431853,1.10933887256248,0.00746267903699249,1.09935583856992,0.00741743692049002,1.09797543143167,0.00737257551762349,1.0966208143983
1.17495565244258,0.00706944151255162,1.11210542578419,0.00755064153305551,1.09997614819861,0.00750360506787184,1.0985304156288,0.00745697220109287,1.09711216110997
1.17809724509617,0.00718066790052641,1.11500390179838,0.00763786766386731,1.10053186897328,0.0075889470321393,1.09901791952502,0.00754045433504302,1.09753323157334
1.18123883774976,0.00729459683352296,1.11804064584174,0.00772419190683737,1.10101655860766,0.00767329282072349,1.099431427963,0.0076228475404061,1.09787744146957
1.18438043040335,0.00741135312067276,1.12122219511093,0.00780943666668588,1.10142348021025,0.00775646021335774,1.09976413504841,0.00770396505910798,1.09813791960486
1.18752202305694,0.00753106747000531,1.12455527012123,0.00789341180671554,1.10174560546438,0.00783825429531815,1.1000089479635,0.00778360728937266,1.09830751232978
1.19066361571053,0.0076538766677765,1.12804676408807,0.00797591418918597,1.10197561945659,0.00791846700063426,1.10015849244077,0.00786156133178806,1.09837878965156
1.19380520836412,0.00777992375047099,1.13170373018754,0.00805672722754625,1.10210592723686,0.00799687666797944,1.10020512000378,0.00793760054894377,1.09834405312761
1.19694680101771,0.00790935816779492,1.13553336651545,0.00813562045335381,1.10212866219486,0.00807324761218431,1.10014091704206,0.00801148414157105,1.09819534561976
1.2000883936713,0.00804233593475878,1.13954299860939,0.00821234910079749,1.1020356963324,0.00814732971433818,1.09995771579279,0.00808295674424686,1.09792446296835
1.20322998632489,0.0081790197709386,1.1437400593363,0.00828665371191706,1.10181865248292,0.00821885803355671,1.09964710729428,0.00815174804373919,1.0975229676535
1.20637157897848,0.00831957922468129,1.14813206601891,0.00835825976554294,1.10146891854856,0.00828755244354173,1.099200456363,0.00821757242319832,1.0969822044823
1.20951317163207,0.00846419078008309,1.15272659460697,0.00842687733314795,1.10097766378695,0.00835311729714117,1.09860891861551,0.00828012863539662,1.09629331833392
1.21265476428566,0.00861303794425239,1.15753125075607,0.00849220076478119,1.100335857173,0.00841524112206415,1.09786345958404,0.00833909950824463,1.09544727398731
1.21579635693925,0.00876631131233485,1.16255363764779,0.00855390840823,1.09953428786016,0.00847359635100053,1.09695487590835,0.00839415168579727,1.09443487802451
1.21893794959284,0.00892420860759935,1.16780132040816,0.00861166236459554,1.09856358772879,0.00852783908928334,1.09587381861154,0.0084449354079581,1.09324680280442
1.22207954224643,0.00908693469373478,1.17328178698394,0.00866510828336908,1.09741425600685,0.00857760892320969,1.09461081842852,0.00849108433197987,1.09187361246933
1.22522113490002,0.00925470155644437,1.17900240533444,0.00871387520003397,1.09607668592649,0.0086225287720596,1.09315631314644,0.00853221539879501,1.09030579093757
1.22836272755361,0.00942772825114924,1.18497037684989,0.00875757541912892,1.09454119335938,0.00866220478672419,1.09150067688958,0.008567928747099,1.08853377181078
1.2315043202072,0.00960624081370431,1.19119268585603,0.00879580444554318,1.09279804735674,0.00869622629771483,1.08963425127312,0.00859780767793317,1.08654797010799
1.23464591286079,0.00979047213071804,1.1976760451455,0.0088281409666946,1.09083750249893,0.00872416581514601,1.08754737832224,0.00862141867232014,1.084338815724
1.23778750551438,0.00998066176608958,1.20442683745928,0.00885414688796549,1.0886498329486,0.00874557908308904,1.08523043503659,0.00863831146433491,1.08189678847473
1.24092909816797,0.0101770557402467,1.21145105287468,0.00887336742366096,1.08622536806334,0.00876000519046483,1.08267386945639,0.00864801917172375,1.07921245458816
1.24407069082156,0.0103799062584995,1.21875422207705,0.00888533124540114,1.08355452942197,0.00876696674034294,1.07986823807838,0.00865005848587752,1.07627650447524
1.24721228347515,0.0105894713848582,1.22634134553039,0.00888955068962316,1.08062786909447,0.00876597007928237,1.07680424443596,0.0086439299227361,1.07307979159494
1.25035387612874,0.0108060146576361,1.23421681857874,0.00888552202554971,1.07743610896697,0.00875650558797814,1.07347277865233,0.00862911813581357,1.06961337220755
1.25349546878233,0.0110298046431112,1.24238435255986,0.00887272578467591,1.07397018090928,0.00873804803416189,1.06986495775546,0.00860509229218875,1.06586854580831
1.25663706143592,0.0112611144235644,1.25084689203248,0.00885062715240492,1.07022126757557,0.00871005698833383,1.0659721665245,0.00857130651197191,1.06183689599683
1.25977865408951,0.0115002210159669,1.25960652827619,0.00881867642217737,1.0661808435932,0.00867197730251612,1.06178609863316,0.00852720037130772,1.05751033154657
1.2629202467431,0.0117474047177186,1.26866440924541,0.00877630951196529,1.06184071689899,0.00862323965183487,1.05729879782906,0.00847219946861077,1.05288112741243
1.26606183939669,0.0120029483758179,1.27802064623811,0.00872294854264877,1.05719306996527,0.00856326113829198,1.05250269890038,0.0084057160532871,1.04794196541666
1.26920343205028,0.0122671365760612,1.28767421753746,0.00865800247736814,1.05223050064713,0.00849144595569351,1.04739066815214,0.00832714971576376,1.04268597433574
1.27234502470387,0.0125402547488567,1.29762286940498,0.00858086782051881,1.04694606238266,0.00840718611427826,1.04195604312111,0.00823588813724063,1.03710676912165
1.27548661735746,0.0128225881885842,1.30786301477787,0.00849092937461293,1.04133330347897,0.0083098622231319,1.03619267126008,0.00813130789710126,1.03119848897415
1.27862821001105,0.0131144209834444,1.31838963016197,0.00838756105286342,1.0353863052013,0.00819884432806672,1.0300949473145,0.00801277533555167,1.024955833994
1.28176980266464,0.0134160348531263,1.32919615120208,0.00827012674490102,1.02909971839781,0.008073492802261,1.02365784911674,0.00787964746855652,1.01837410015212
1.28491139531823,0.0137277078918048,1.34027436751815,0.00813798123260367,1.02246879840162,0.00793315928647287,1.01687697154625,0.0077312729518364,1.01144921230349
1.28805298797182,0.0140497132143163,1.35161431743494,0.00799047115270413,1.0154894379445,0.0077771876753383,1.00974855838926,0.00756699309020048,1.00417775500501
1.29119458062541,0.0143823175037285,1.36320418330072,0.00782693600243012,1.00815819783584,0.00760491514585238,1.00226953186274,0.00738614288821182,0.996557000890752
1.29433617327899,0.0147257794588485,1.37503018816368,0.00764670918405286,1.00047233518691,0.00741567322378556,0.994437519576373,0.00718805213777873,0.98858493638975
1.29747776593258,0.0150803481407291,1.387076494619,0.00744911908401025,0.99242982894772,0.00720878888351328,0.986250878717755,0.00697204653800898,0.98026028457769
1.30061935858617,0.0154462612175854,1.39932510673191,0.00723349018187514,0.984029402572337,0.00698358567643731,0.977708717273332,0.00673744884234062,0.971582524981965
1.30376095123976,0.0158237431081703,1.41175577596261,0.00699914418425984,0.975270543629694,0.00673938488292403,0.96881091211709,0.00648358002780269,0.962551910179039
1.30690254389335,0.0162130030240561,1.42434591213043,0.0067454011785304,0.966153520207331,0.00647550668249086,0.95955812382609,0.00620976048095967,0.953169479050045
1.31004413654694,0.0166142329119934,1.43707050046068,0.00647158080099253,0.956679393981812,0.00619127133685171,0.949951808092424,0.0059153111950585,0.94343706658124
1.31318572920053,0.0170276052980309,1.44990202584594,0.00617700341413818,0.946850029850164,0.00588600038022769,0.939994223653322,0.00559955497268261,0.933357310134335
1.31632732185412,0.0174532710357849,1.46281040548875,0.00586099128742412,0.93666810204656,0.00555901781134138,0.929688436665914,0.00526181762823241,0.922933652129894
1.31946891450771,0.0178913569619301,1.475762931133,0.00552286977599836,0.92613709670273,0.0052096512814368,0.91903832149226,0.00490142918451086,0.912170339113202
1.3226105071613,0.0183419634626776,1.48872422213994,0.00516196849186201,0.91526131081997,0.00483723327268937,0.908048557892849,0.00451772505769599,0.901072417219907
1.32575209981489,0.0188051619557952,1.50165619067248,0.00477762246190538,0.904045847678138,0.00444110226145433,0.89672462464122,0.00411004722510255,0.889645724065593
1.32889369246848,0.0192809922934476,1.51451802029595,0.00436917326744157,0.892496608705922,0.00402060386090253,0.885072789614268,0.00367774537024435,0.877896877121168
1.33203528512207,0.0197694600919436,1.52726615930234,0.00393597015993929,0.880620281883456,0.00357509193770023,0.873100096439852,0.00322017799983731,0.86583325867331
1.33517687777566,0.0202705339953306,1.53985433004721,0.00347737114785152,0.868424326770702,0.00310392969765783,0.860814347799891,0.00273671352766658,0.853462997469353
1.33831847042925,0.0207841428805045,1.55223355561759,0.00299274404965333,0.855916956275931,0.00260649073545038,0.848224085517026,0.0022267313203892,0.840794947208489
1.34146006308284,0.0213101730124201,1.56435220507671,0.00248146750846123,0.843107115306603,0.00208216004377371,0.835338567587231,0.00168962270071793,0.827838662023485
1.34460165573643,0.0218484651587907,1.57615605852225,0.00194293196387108,0.830004456465089,0.00153033497763877,0.822167742324873,0.0011247919036701,0.814604369155
1.34774324839002,0.0223988116744482,1.58758839313208,0.00137654057696501,0.816619312984132,0.000950426169801455,0.808722219818155,0.000531656981977324,0.801102939009007
1.35088484104361,0.0229609535664421,1.59859009128954,0.000781710104831523,0.80296266908417,0.000341858393701155,0.795013240904376,-9.03493429595947e-05,0.787345852828413
1.3540264336972,0.023534577551662,1.60909977181373,0.000157871721203184,0.789046127994946,-0.000295928629384212,0.781052643900546,-0.000741778887731082,0.773345168213303
1.35716802635079,0.0241193131196336,1.61905394519177,-0.000495528219684571,0.774881877851633,-0.000963479481795426,0.766852829317473,-0.00142316727397707,0.759113482728176
1.36030961900438,0.0247147296138421,1.62838719359971,-0.00117902747862986,0.760482655728442,-0.00166132236205341,0.75242672281328,-0.00213503325823217,0.74466389586406
1.36345121165797,0.0253203333456511,1.6370323763601,-0.00189314728848888,0.745861710037619,-0.0023899684605786,0.737787736644496,-0.00287787812647755,0.73000996960883
1.36659280431156,0.0259355647555874,1.64492086131407,-0.00263839177451253,0.731032761578405,-0.00314991140019028,0.722949729874053,-0.00365218515492494,0.715165687892297
1.36973439696515,0.0265597956373602,1.65198278241025,-0.0034152474392628,0.716009963469664,-0.00394162674260512,0.707926967598505,-0.0044584191381436,0.700145415180818
1.37287598961874,0.0271923264405733,1.65814732361774,-0.00422418271307556,0.700807860246835,-0.00476557156173385,0.692734079460178,-0.00529702598517279,0.684963854473679
1.37601758227233,0.027832383668541,1.66334302905973,-0.00506564757058969,0.685441346371689,-0.00562218408417503,0.677386017705785,-0.00616843238390041,0.669636004975161
1.37915917492592,0.028479117388118,1.66749813901486,-0.00594007321345646,0.669925624415244,-0.00651188339688535,0.661898015043721,-0.00707304553355703,0.654177119690096
1.38230076757951,0.0291315988687322,1.67054095121156,-0.0068478718190057,0.654276163162321,-0.00743506922167114,0.646285542554039,-0.00801125294480998,0.638602663193319
1.3854423602331,0.0297888183681354,1.67240020655406,-0.00778943635423635,0.63850865588039,-0.0083921217557088,0.630564267887192,-0.00898342230655857,0.622928269812844
1.38858395288669,0.0304496830824983,1.67300549815508,-0.00876514045418308,0.622638978984489,-0.00938340157702977,0.614750013981373,-0.00998990141820366,0.607169702448727
1.39172554554028,0.0311130152786228,1.6722877022638,-0.00977533836337718,0.60668315132208,-0.0104092496135384,0.598858718522839,-0.0110310181858204,0.591342812246329
1.39486713819387,0.0317775506259246,1.67017942938095,-0.0108203649388081,0.590657294282876,-0.0114699871738293,0.582906394341941,-0.0121070806804053,0.575463499320218
1.39800873084746,0.0324419367458018,1.66661549354622,-0.0119005357125306,0.574577592934766,-0.0125659160378393,0.566909090949554,-0.0132183772560444,0.559547674718194
1.40115032350105,0.0331047319956641,1.66153339748682,-0.0130161470118004,0.55846025836372,-0.0136973186050491,0.550882857376941,-0.0143651767256465,0.543611223788371
1.40429191615464,0.0337644045045908,1.65487383100675,-0.0141674761343937,0.542321491385581,-0.0148644580978161,0.534843706488446,-0.0155477285916683,0.527669971110392
1.40743350880823,0.0344193314770489,1.64658117970184,-0.015354781576566,0.526177447780316,-0.0160675788171456,0.518807580907547,-0.016766263329044,0.511739647125325
1.41057510146182,0.0350677987805457,1.63660404077411,-0.016578303310967,0.510044205188671,-0.0173069064480917,0.502790320681942,-0.0180209927174,0.495835856580996
1.41371669411541,0.0357080008322923,1.62489574246507,-0.0178382631116047,0.493937731781858,-0.0185826484118519,0.486807632811226,-0.0193121102194989,0.479974048909535
1.416858286769,0.0363380407991329,1.611414863331,-0.0191348649229346,0.477873856817962,-0.0198949942614259,0.470875062714582,-0.0206397914027305,0.46416949060904
1.41999987942259,0.036955931124012,1.59612574735846,-0.0204682952699828,0.461868243169801,-0.0212441161177619,0.455007967741279,-0.0220041944004623,0.448437239722612
1.42314147207618,0.0375595943911036,1.57899901067843,-0.0218387237063757,0.445936361895947,-0.0226301691431239,0.439221492775486,-0.023405460409889,0.432792122455911
1.42628306472977,0.0381468645405367,1.56001203545323,-0.0232463032970878,0.430093468913402,-0.0240532920484391,0.423530547986525,-0.0248437142231459,0.417248711989459
1.42942465738336,0.0387154884422971,1.53914944633236,-0.0246911711327606,0.414354583823808,-0.0255136076314082,0.407949788774069,-0.0263190647883043,0.40182130950984
1.43256625003695,0.0392631278373758,1.51640356477465,-0.0261734488723353,0.398734470910153,-0.0270112233420896,0.392493597919035,-0.0278316057970058,0.386523927481261
1.43570784269054,0.0397873616527458,1.49177483640407,-0.0276932433108863,0.383247622334122,-0.0285462318727632,0.377176069958482,-0.0293814162954358,0.371370275159914
1.43884943534413,0.0402856886950027,1.46527222657355,-0.0292506469694849,0.367908243527406,-0.0301187117688897,0.362010997777024,-0.0309685613154682,0.35637374634693
1.44199102799772,0.0407555307257716,1.43691357927906,-0.0308457387040697,0.352730240778629,-0.0317287280581069,0.347011861412794,-0.0325930925228248,0.341547409359684
1.4451326206513,0.0411942359201407,1.40672593464536,-0.032478584330254,0.337727210982269,-0.0333763328941803,0.332191819039297,-0.0342550488792266,0.326903999196728
1.44827421330489,0.0415990827074273,1.3747458002971,-0.0341492372612435,0.322912433532641,-0.0350615662130249,0.317563700097526,-0.0359544573155994,0.312455911855343
1.45141580595848,0.0419672839916108,1.34101937211625,-0.0358577391559649,0.308298864301735,-0.0367844563979527,0.303140000525076,-0.0376913334134832,0.29821520075377
1.45455739861207,0.0422959917466881,1.30560270009021,-0.0376041205747664,0.293899131657503,-0.0385450209514548,0.288932880030824,-0.0394656820919552,0.284193575197534
1.45769899126566,0.0425823019801665,1.26856179523692,-0.0393884016400403,0.279725534443293,-0.0403432671708897,0.274954161335066,-0.0412774982974744,0.270402400823098
1.46084058391925,0.0428232600557432,1.2299726739387,-0.0412105926993245,0.265790041837993,-0.0421791928256647,0.261215331303078,-0.0431267676941982,0.256852701933375
1.46398217657284,0.0430158663640814,1.18992133640788,-0.0430706949885524,0.252104295007027,-0.0440527868335481,0.24772754386976,-0.0450134673524789,0.243555165638158
1.46712376922643,0.0431570823285186,1.14850367643989,-0.044968701293195,0.23867961041792,-0.0459640299339183,0.234501624647236,-0.0469375664333176,0.230520147681879
1.47026536188002,0.0432438367303161,1.10582532014163,-0.0469045966052524,0.22552698470719,-0.0479128953559216,0.221548077092272,-0.0488990268668084,0.217757679850168
1.47340695453361,0.0432730323360719,1.06200139182661,-0.0488783587741288,0.212657100940008,-0.0498993494795785,0.208877090086522,-0.0508978040226409,0.205277478805983
1.4765485471872,0.0432415528077408,1.01715620592835,-0.0508899591495924,0.200080336107842,-0.0519233524881044,0.196498546773526,-0.0529338473709218,0.193088956201151
1.47969013984079,0.043146269873841,0.971422884345399,-0.0529393632151249,0.187806769668363,-0.0539848590097485,0.184422034461738,-0.0550071011317168,0.181201229889637
1.48283173249438,0.0429840507383841,0.924942899359778,-0.0550265312101221,0.175846192925689,-0.0560838187476835,0.172656855396221,-0.0571175049118331,0.169623136031826
1.48597332514797,0.042751765702302,0.877865542941979,-0.057151418739535,0.164208119017186,-0.0582201770965447,0.161212038164998,-0.0592649943274874,0.158363241872372
1.48911491780156,0.0424462959703755,0.830347323976922,-0.0593139773696343,0.152901793248847,-0.060393875744357,0.150096349484918,-0.0614495016116658,0.147429858930391
1.49225651045515,0.0420645416150789,0.782551295682618,-0.0615141552087284,0.141936203499321,-0.0626048532587256,0.139318306084265,-0.063670956205069,0.136831056324647
1.49539810310874,0.0416034296672241,0.7346463162294,-0.0637518974718014,0.131320090389511,-0.0648530456562775,0.128886186377392,-0.0659292853296798,0.126574673920755
1.49853969576233,0.0410599223020245,0.686806246292874,-0.0660271470280747,0.121061956887578,-0.0671383869544249,0.118808041594606,-0.0682244145440642,0.116668334959736
1.50168128841592,0.0404310250879232,0.639209088008597,-0.0683398449306776,0.111170077006786,-0.0694608097046687,0.109091706013447,-0.070556268279673,0.107119457805207
1.50482288106951,0.039713795264575,0.592036070481398,-0.0706899309276809,0.101652503235567,-0.0718202455067087,0.099744805918352,-0.0729247703574647,0.0979352664205277
1.5079644737231,0.0389053500155392,0.545470687673626,-0.0730773439537948,0.0925170723315464,-0.0742166255028041,0.0907747669061409,-0.075329844484284,0.089122799172886
1.51110606637669,0.0380028747005383,0.499697695121024,-0.0755020226022278,0.0837714091194736,-0.0766498808517617,0.0821888191468277,-0.077771414728508,0.0806889155553304
1.51424765903028,0.0370036310117425,0.454902072509213,-0.0779639055761481,0.0754229279363202,-0.0791199431821936,0.0739940002284539,-0.0802494059745416,0.0726403004203828
1.51738925168387,0.0359049650182461,0.411267959649921,-0.0804629321193642,0.0674788314012746,-0.0816267450246071,0.066197155226966,-0.0827637443558378,0.0649834653397892
1.52053084433746,0.0347043150629087,0.368977573850416,-0.0829990424258762,0.0599461062271792,-0.0841702202220427,0.0588049336889865,-0.0853143576661646,0.057724746740463
1.52367243699105,0.0333992194758357,0.32821011706396,-0.0855721780279679,0.0528315158442463,-0.0867503043189748,0.0518237832674712,-0.0879011757488779,0.0508703005199433
1.52681402964464,0.0319873240692414,0.289140681475574,-0.088182282162651,0.0461415896886012,-0.0893669349283088,0.0452599398293528,-0.0905241308640674,0.044426092924874
1.52995562229823,0.0304663893789481,0.251939162424432,-0.0908293001162193,0.0398826090941612,-0.0920200520762884,0.0391194139456647,-0.0931831580334386,0.0383978875702972
1.53309721495182,0.0288342976186684,0.216769187660191,-0.0935131795468123,0.0340605898402885,-0.0947095985252062,0.0334079737921613,-0.0958781953628309,0.0327912285969812
1.53623880760541,0.0270890593141839,0.183787071962274,-0.0962338707848303,0.0286812615228409,-0.0974355200738539,0.0281311246137922,-0.0986091843423402,0.0276114201026911
1.539380400259,0.0252288195857893,0.153140806096061,-0.0989913271111516,0.0237500440535838,-0.100197765835611,0.0232940850476632,-0.101376070124036,0.0228635021329194
1.54252199291259,0.0232518640488097,0.124969088885507,-0.101785505013092,0.0192720217227867,-0.102996288494221,0.0189017607468994,-0.104178801777224,0.0185522236760904
1.54566358556618,0.021156624303603,0.0994004109405452,-0.104616364418055,0.0152519153927195,-0.105831044537162,0.0149587158904638,-0.107017332521331,0.0146820132704472
1.54880517821977,0.0189416829882763,0.076552198207832,-0.107483868904886,0.0116940535128317,-0.108701994466689,0.0114691433002331,-0.109891619936398,0.0112569479772249
1.55194677087336,0.0166057783693665,0.0565300230396537,-0.110387985892901,0.00860234274796711,-0.111609102988537,0.00843683400260176,-0.112801626151238,0.00828072161016551
1.55508836352695,0.0141478084477948,0.039426889974483,-0.113328686808625,0.00598023908900081,-0.114552339178299,0.00586514715936488,-0.115747318009323,0.00575661321111389
1.55822995618054,0.0115668345597997,0.02532260274698,-0.116305947230238,0.00383072035691146,-0.117531676625551,0.00375698134522296,-0.118728667212395,0.0036874568248446
1.56137154883413,0.00886208445493053,0.0142832183672632,-0.119319747009734,0.00215626101517216,-0.120547093555713,0.0021147481571579,-0.121745650441926,0.00207561364252772
1.56451314148772,0.00603295483570254,0.00636059334340125,-0.122370070372868,0.000958810165398813,-0.123598572929714,0.000940349102715469,-0.124798249458393,0.000922947544589713
1.56765473414131,0.00307901334625704,0.00159202624821598,-0.125456905996838,0.000239773517387037,-0.12668610252147,0.000235156626445273,-0.127886451178462,0.000230804983248254
1.5707963267949,-2.22044604925031e-16,Inf,-0.128580247065773,9.10974221254018e-32,-0.129809674973209,8.93432896937225e-32,-0.131010247730108,8.76899703740521e-32
