data_dir,C',SB,VV,HH,N
2025-06-19--17h-43m-02s,4.0,1.0,0.0,155.0,160.0
2025-06-19--17h-43m-02s,3.0,0.0,0.0,157.0,160.0
2025-06-19--17h-43m-02s,3.0,0.0,0.0,157.0,160.0
2025-06-19--17h-43m-02s,3.0,0.0,0.0,157.0,160.0
2025-06-19--17h-43m-02s,2.0,0.0,0.0,158.0,160.0
2025-06-19--17h-43m-02s,1.0,1.0,1.0,157.0,160.0
2025-06-19--17h-43m-02s,4.0,0.0,0.0,156.0,160.0
2025-06-19--17h-43m-02s,2.0,0.0,0.0,158.0,160.0
2025-06-19--17h-43m-02s,1.0,0.0,0.0,159.0,160.0
2025-06-19--17h-43m-02s,10.0,0.0,0.0,150.0,160.0
2025-06-19--17h-43m-02s,5.0,0.0,0.0,155.0,160.0
2025-06-19--17h-43m-02s,2.0,1.0,1.0,156.0,160.0
2025-06-19--17h-43m-02s,6.0,0.0,0.0,154.0,160.0
2025-06-19--17h-43m-02s,5.0,0.0,0.0,155.0,160.0
2025-06-19--17h-43m-02s,7.0,0.0,1.0,152.0,160.0
2025-06-19--17h-43m-02s,5.0,0.0,0.0,155.0,160.0
2025-06-19--17h-43m-02s,6.0,1.0,0.0,153.0,160.0
2025-06-19--17h-43m-02s,3.0,0.0,1.0,156.0,160.0
2025-06-19--17h-43m-02s,9.0,0.0,0.0,151.0,160.0
2025-06-19--17h-43m-02s,4.0,2.0,0.0,154.0,160.0
2025-06-19--17h-43m-02s,3.0,1.0,0.0,156.0,160.0
2025-06-19--17h-43m-02s,4.0,1.0,0.0,155.0,160.0
2025-06-19--17h-43m-02s,7.0,1.0,1.0,151.0,160.0
2025-06-19--17h-43m-02s,6.0,0.0,0.0,154.0,160.0
2025-06-19--17h-43m-02s,7.0,0.0,0.0,153.0,160.0
2025-06-19--17h-43m-02s,4.0,1.0,0.0,155.0,160.0
2025-06-19--17h-43m-02s,1.0,0.0,0.0,159.0,160.0
2025-06-19--17h-43m-02s,5.0,1.0,0.0,154.0,160.0
2025-06-19--17h-43m-02s,5.0,0.0,0.0,155.0,160.0
2025-06-19--17h-43m-02s,4.0,0.0,0.0,156.0,160.0
2025-06-19--17h-43m-02s,1.0,0.0,0.0,159.0,160.0
2025-06-19--17h-43m-02s,7.0,0.0,0.0,153.0,160.0
2025-06-19--17h-43m-02s,6.0,1.0,0.0,153.0,160.0
2025-06-19--17h-43m-02s,3.0,0.0,0.0,157.0,160.0
2025-06-19--17h-43m-02s,5.0,0.0,0.0,155.0,160.0
2025-06-19--17h-43m-02s,5.0,0.0,0.0,155.0,160.0
2025-06-19--17h-43m-02s,3.0,0.0,0.0,157.0,160.0
2025-06-19--17h-43m-02s,2.0,0.0,0.0,158.0,160.0
2025-06-19--17h-43m-02s,3.0,0.0,0.0,157.0,160.0
2025-06-19--17h-43m-02s,5.0,1.0,0.0,154.0,160.0
2025-06-19--17h-43m-02s,8.0,1.0,0.0,151.0,160.0
2025-06-19--17h-43m-02s,4.0,1.0,0.0,155.0,160.0
2025-06-19--17h-43m-02s,1.0,1.0,0.0,158.0,160.0
2025-06-19--17h-43m-02s,4.0,0.0,0.0,156.0,160.0
2025-06-19--17h-43m-02s,2.0,0.0,0.0,158.0,160.0
2025-06-19--17h-43m-02s,6.0,0.0,0.0,154.0,160.0
2025-06-19--17h-43m-02s,2.0,0.0,0.0,158.0,160.0
2025-06-19--17h-43m-02s,3.0,0.0,0.0,157.0,160.0
2025-06-19--17h-43m-02s,5.0,0.0,0.0,155.0,160.0
2025-06-19--17h-43m-02s,5.0,0.0,0.0,155.0,160.0
2025-06-19--17h-43m-02s,2.0,1.0,0.0,157.0,160.0
2025-06-19--17h-43m-02s,5.0,0.0,0.0,155.0,160.0
2025-06-19--17h-43m-02s,5.0,0.0,0.0,155.0,160.0
2025-06-19--17h-43m-02s,6.0,0.0,0.0,154.0,160.0
2025-06-19--17h-43m-02s,5.0,0.0,0.0,155.0,160.0
2025-06-19--17h-43m-02s,4.0,0.0,0.0,156.0,160.0
2025-06-19--17h-43m-02s,2.0,0.0,0.0,158.0,160.0
2025-06-19--17h-43m-02s,2.0,1.0,0.0,157.0,160.0
2025-06-19--17h-43m-02s,6.0,0.0,0.0,154.0,160.0
2025-06-19--17h-43m-02s,2.0,0.0,0.0,158.0,160.0
2025-06-19--17h-43m-02s,4.0,0.0,0.0,156.0,160.0
2025-06-19--17h-43m-02s,5.0,1.0,0.0,154.0,160.0
2025-06-19--17h-43m-02s,3.0,0.0,0.0,157.0,160.0
2025-06-19--17h-43m-02s,1.0,0.0,0.0,159.0,160.0
2025-06-19--17h-43m-02s,9.0,0.0,0.0,151.0,160.0
2025-06-19--17h-43m-02s,2.0,1.0,0.0,157.0,160.0
2025-06-19--17h-43m-02s,6.0,0.0,0.0,154.0,160.0
2025-06-19--17h-43m-02s,9.0,0.0,0.0,151.0,160.0
2025-06-19--17h-43m-02s,1.0,0.0,0.0,159.0,160.0
2025-06-19--17h-43m-02s,10.0,0.0,0.0,150.0,160.0
2025-06-19--17h-43m-02s,3.0,0.0,0.0,157.0,160.0
2025-06-19--17h-43m-02s,2.0,0.0,0.0,158.0,160.0
2025-06-19--17h-43m-02s,2.0,0.0,0.0,158.0,160.0
2025-06-19--17h-43m-02s,4.0,3.0,0.0,153.0,160.0
2025-06-19--17h-43m-02s,4.0,0.0,0.0,156.0,160.0
2025-06-19--17h-43m-02s,4.0,1.0,0.0,155.0,160.0
2025-06-19--17h-43m-02s,2.0,0.0,0.0,158.0,160.0
2025-06-19--17h-43m-02s,7.0,1.0,0.0,152.0,160.0
2025-06-19--17h-43m-02s,8.0,0.0,0.0,152.0,160.0
2025-06-19--17h-43m-02s,5.0,0.0,0.0,155.0,160.0
2025-06-19--17h-43m-02s,2.0,0.0,0.0,158.0,160.0
2025-06-19--17h-43m-02s,4.0,0.0,0.0,156.0,160.0
2025-06-19--17h-43m-02s,5.0,0.0,0.0,155.0,160.0
2025-06-19--17h-43m-02s,4.0,0.0,0.0,156.0,160.0
2025-06-19--17h-43m-02s,3.0,0.0,0.0,157.0,160.0
2025-06-19--17h-43m-02s,4.0,1.0,0.0,155.0,160.0
2025-06-19--17h-43m-02s,5.0,1.0,0.0,154.0,160.0
2025-06-19--17h-43m-02s,5.0,0.0,0.0,155.0,160.0
2025-06-19--17h-43m-02s,2.0,0.0,0.0,158.0,160.0
2025-06-19--17h-43m-02s,2.0,0.0,0.0,158.0,160.0
2025-06-19--17h-43m-02s,2.0,0.0,0.0,158.0,160.0
2025-06-19--17h-43m-02s,3.0,0.0,0.0,157.0,160.0
2025-06-19--17h-43m-02s,2.0,0.0,0.0,158.0,160.0
2025-06-19--17h-43m-02s,1.0,0.0,0.0,159.0,160.0
2025-06-19--17h-43m-02s,3.0,0.0,0.0,157.0,160.0
2025-06-19--17h-43m-02s,7.0,1.0,0.0,152.0,160.0
2025-06-19--17h-43m-02s,5.0,0.0,0.0,155.0,160.0
2025-06-19--17h-43m-02s,3.0,1.0,0.0,156.0,160.0
2025-06-19--17h-43m-02s,2.0,2.0,0.0,156.0,160.0
2025-06-19--17h-43m-02s,5.0,1.0,0.0,154.0,160.0
2025-06-19--17h-43m-02s,1.0,0.0,0.0,159.0,160.0
2025-06-19--17h-43m-02s,4.0,0.0,0.0,156.0,160.0
2025-06-19--17h-43m-02s,4.0,0.0,0.0,156.0,160.0
2025-06-19--17h-43m-02s,7.0,0.0,0.0,153.0,160.0
2025-06-19--17h-43m-02s,3.0,0.0,0.0,157.0,160.0
2025-06-19--17h-43m-02s,6.0,0.0,0.0,154.0,160.0
2025-06-19--17h-43m-02s,3.0,0.0,0.0,157.0,160.0
2025-06-19--17h-43m-02s,6.0,0.0,0.0,154.0,160.0
2025-06-19--17h-43m-02s,4.0,1.0,0.0,155.0,160.0
2025-06-19--17h-43m-02s,3.0,1.0,1.0,155.0,160.0
2025-06-19--17h-43m-02s,6.0,0.0,0.0,154.0,160.0
2025-06-19--17h-43m-02s,3.0,0.0,0.0,157.0,160.0
2025-06-19--17h-43m-02s,7.0,0.0,1.0,152.0,160.0
2025-06-19--17h-43m-02s,5.0,0.0,0.0,155.0,160.0
2025-06-19--17h-43m-02s,5.0,0.0,0.0,155.0,160.0
2025-06-19--17h-43m-02s,9.0,0.0,0.0,151.0,160.0
2025-06-19--17h-43m-02s,4.0,1.0,0.0,155.0,160.0
2025-06-19--17h-43m-02s,1.0,1.0,0.0,158.0,160.0
2025-06-19--17h-43m-02s,1.0,0.0,0.0,159.0,160.0
2025-06-19--17h-43m-02s,6.0,1.0,0.0,153.0,160.0
2025-06-19--17h-43m-02s,9.0,0.0,0.0,151.0,160.0
2025-06-19--17h-43m-02s,2.0,0.0,0.0,158.0,160.0
2025-06-19--17h-43m-02s,1.0,0.0,0.0,159.0,160.0
2025-06-19--17h-43m-02s,4.0,0.0,0.0,156.0,160.0
2025-06-19--17h-43m-02s,3.0,0.0,0.0,157.0,160.0
2025-06-19--17h-43m-02s,6.0,0.0,0.0,154.0,160.0
2025-06-19--17h-43m-02s,1.0,0.0,0.0,159.0,160.0
2025-06-19--17h-43m-02s,3.0,0.0,0.0,157.0,160.0
2025-06-19--17h-43m-02s,4.0,0.0,0.0,156.0,160.0
2025-06-19--17h-43m-02s,5.0,0.0,0.0,155.0,160.0
2025-06-19--17h-43m-02s,5.0,0.0,0.0,155.0,160.0
2025-06-19--17h-43m-02s,3.0,2.0,0.0,155.0,160.0
2025-06-19--17h-43m-02s,6.0,0.0,0.0,154.0,160.0
2025-06-19--17h-43m-02s,5.0,0.0,0.0,155.0,160.0
2025-06-19--17h-43m-02s,4.0,1.0,0.0,155.0,160.0
2025-06-19--17h-43m-02s,3.0,0.0,0.0,157.0,160.0
2025-06-19--17h-43m-02s,6.0,0.0,0.0,154.0,160.0
2025-06-19--17h-43m-02s,1.0,0.0,0.0,159.0,160.0
2025-06-19--17h-43m-02s,2.0,0.0,0.0,158.0,160.0
2025-06-19--17h-43m-02s,2.0,0.0,0.0,158.0,160.0
2025-06-19--17h-43m-02s,3.0,0.0,0.0,157.0,160.0
2025-06-19--17h-43m-02s,6.0,0.0,0.0,154.0,160.0
2025-06-19--17h-43m-02s,8.0,0.0,0.0,152.0,160.0
2025-06-19--17h-43m-02s,3.0,0.0,0.0,157.0,160.0
2025-06-19--17h-43m-02s,5.0,1.0,0.0,154.0,160.0
2025-06-19--17h-43m-02s,3.0,0.0,0.0,157.0,160.0
2025-06-19--17h-43m-02s,6.0,1.0,1.0,152.0,160.0
2025-06-19--17h-43m-02s,4.0,0.0,0.0,156.0,160.0
2025-06-19--17h-43m-02s,4.0,0.0,0.0,156.0,160.0
2025-06-19--17h-43m-02s,4.0,0.0,0.0,156.0,160.0
2025-06-19--17h-43m-02s,7.0,0.0,0.0,153.0,160.0
2025-06-19--17h-43m-02s,4.0,1.0,0.0,155.0,160.0
2025-06-19--17h-43m-02s,7.0,1.0,0.0,152.0,160.0
2025-06-19--17h-43m-02s,4.0,1.0,0.0,155.0,160.0
2025-06-19--17h-43m-02s,2.0,2.0,0.0,156.0,160.0
2025-06-19--17h-43m-02s,2.0,0.0,0.0,158.0,160.0
2025-06-19--17h-43m-02s,8.0,0.0,0.0,152.0,160.0
2025-06-19--17h-43m-02s,2.0,0.0,0.0,158.0,160.0
2025-06-19--17h-43m-02s,3.0,1.0,1.0,155.0,160.0
2025-06-19--17h-43m-02s,2.0,0.0,0.0,158.0,160.0
2025-06-19--17h-43m-02s,2.0,2.0,0.0,156.0,160.0
2025-06-19--17h-43m-02s,4.0,0.0,0.0,156.0,160.0
2025-06-19--17h-43m-02s,7.0,0.0,0.0,153.0,160.0
2025-06-19--17h-43m-02s,4.0,0.0,0.0,156.0,160.0
2025-06-19--17h-43m-02s,5.0,0.0,0.0,155.0,160.0
2025-06-19--17h-43m-02s,5.0,0.0,0.0,155.0,160.0
2025-06-19--17h-43m-02s,4.0,0.0,0.0,156.0,160.0
2025-06-19--17h-43m-02s,2.0,0.0,0.0,158.0,160.0
2025-06-19--17h-43m-02s,8.0,0.0,0.0,152.0,160.0
2025-06-19--17h-43m-02s,3.0,1.0,0.0,156.0,160.0
2025-06-19--17h-43m-02s,3.0,0.0,0.0,157.0,160.0
2025-06-19--17h-43m-02s,5.0,0.0,0.0,155.0,160.0
2025-06-19--17h-43m-02s,5.0,1.0,0.0,154.0,160.0
2025-06-19--17h-43m-02s,1.0,1.0,0.0,158.0,160.0
2025-06-19--17h-43m-02s,6.0,0.0,0.0,154.0,160.0
2025-06-19--17h-43m-02s,4.0,0.0,0.0,156.0,160.0
2025-06-19--17h-43m-02s,3.0,0.0,0.0,157.0,160.0
2025-06-19--17h-43m-02s,3.0,0.0,0.0,157.0,160.0
2025-06-19--17h-43m-02s,1.0,0.0,0.0,159.0,160.0
2025-06-19--17h-43m-02s,1.0,0.0,0.0,159.0,160.0
2025-06-19--17h-43m-02s,6.0,0.0,0.0,154.0,160.0
2025-06-19--17h-43m-02s,1.0,0.0,0.0,159.0,160.0
2025-06-19--17h-43m-02s,7.0,1.0,0.0,152.0,160.0
2025-06-19--17h-43m-02s,3.0,0.0,0.0,157.0,160.0
2025-06-19--17h-43m-02s,3.0,0.0,0.0,157.0,160.0
2025-06-19--17h-43m-02s,3.0,1.0,0.0,156.0,160.0
2025-06-19--17h-43m-02s,3.0,0.0,0.0,157.0,160.0
2025-06-19--17h-43m-02s,5.0,0.0,0.0,155.0,160.0
2025-06-19--17h-43m-02s,6.0,0.0,0.0,154.0,160.0
2025-06-19--17h-43m-02s,3.0,0.0,0.0,157.0,160.0
2025-06-19--17h-43m-02s,3.0,0.0,0.0,157.0,160.0
2025-06-19--17h-43m-02s,4.0,0.0,0.0,156.0,160.0
2025-06-19--17h-43m-02s,1.0,0.0,1.0,158.0,160.0
2025-06-19--17h-43m-02s,3.0,0.0,0.0,157.0,160.0
2025-06-19--17h-43m-02s,7.0,0.0,0.0,153.0,160.0
2025-06-19--17h-43m-02s,2.0,1.0,0.0,157.0,160.0
2025-06-19--17h-43m-02s,5.0,1.0,0.0,154.0,160.0
2025-06-19--17h-43m-02s,3.0,0.0,0.0,157.0,160.0
2025-06-19--17h-43m-02s,7.0,0.0,0.0,153.0,160.0
2025-06-19--17h-43m-02s,5.0,1.0,0.0,154.0,160.0
2025-06-19--17h-43m-02s,3.0,0.0,0.0,157.0,160.0
2025-06-19--17h-43m-02s,3.0,0.0,0.0,157.0,160.0
2025-06-19--17h-43m-02s,4.0,1.0,0.0,155.0,160.0
2025-06-19--17h-43m-02s,3.0,0.0,0.0,157.0,160.0
2025-06-19--17h-43m-02s,2.0,0.0,0.0,158.0,160.0
2025-06-19--17h-43m-02s,4.0,1.0,0.0,155.0,160.0
2025-06-19--17h-43m-02s,5.0,0.0,0.0,155.0,160.0
2025-06-19--17h-43m-02s,4.0,1.0,0.0,155.0,160.0
2025-06-19--17h-43m-02s,4.0,0.0,0.0,156.0,160.0
2025-06-19--17h-43m-02s,4.0,0.0,0.0,156.0,160.0
2025-06-19--17h-43m-02s,4.0,1.0,0.0,155.0,160.0
2025-06-19--17h-43m-02s,5.0,0.0,0.0,155.0,160.0
2025-06-19--17h-43m-02s,6.0,1.0,0.0,153.0,160.0
2025-06-19--17h-43m-02s,5.0,0.0,0.0,155.0,160.0
2025-06-19--17h-43m-02s,4.0,0.0,0.0,156.0,160.0
2025-06-19--17h-43m-02s,4.0,1.0,0.0,155.0,160.0
2025-06-19--17h-43m-02s,3.0,1.0,0.0,156.0,160.0
2025-06-19--17h-43m-02s,4.0,1.0,0.0,155.0,160.0
2025-06-19--17h-43m-02s,4.0,0.0,0.0,156.0,160.0
2025-06-19--17h-43m-02s,1.0,0.0,0.0,159.0,160.0
2025-06-19--17h-43m-02s,6.0,1.0,0.0,153.0,160.0
2025-06-19--17h-43m-02s,6.0,0.0,0.0,154.0,160.0
2025-06-19--17h-43m-02s,4.0,0.0,0.0,156.0,160.0
2025-06-19--17h-43m-02s,3.0,0.0,0.0,157.0,160.0
2025-06-19--17h-43m-02s,6.0,0.0,0.0,154.0,160.0
2025-06-19--17h-43m-02s,3.0,1.0,0.0,156.0,160.0
2025-06-19--17h-43m-02s,8.0,0.0,0.0,152.0,160.0
2025-06-19--17h-43m-02s,7.0,1.0,1.0,151.0,160.0
2025-06-19--17h-43m-02s,6.0,1.0,0.0,153.0,160.0
2025-06-19--17h-43m-02s,5.0,0.0,0.0,155.0,160.0
2025-06-19--17h-43m-02s,4.0,0.0,0.0,156.0,160.0
2025-06-19--17h-43m-02s,4.0,0.0,0.0,156.0,160.0
2025-06-19--17h-43m-02s,3.0,0.0,0.0,157.0,160.0
2025-06-19--17h-43m-02s,3.0,0.0,0.0,157.0,160.0
2025-06-19--17h-43m-02s,9.0,0.0,1.0,150.0,160.0
2025-06-19--17h-43m-02s,3.0,0.0,0.0,157.0,160.0
2025-06-19--17h-43m-02s,2.0,0.0,0.0,158.0,160.0
2025-06-19--17h-43m-02s,4.0,0.0,0.0,156.0,160.0
2025-06-19--17h-43m-02s,5.0,0.0,0.0,155.0,160.0
2025-06-19--17h-43m-02s,6.0,0.0,0.0,154.0,160.0
2025-06-19--17h-43m-02s,6.0,0.0,0.0,154.0,160.0
2025-06-19--17h-43m-02s,4.0,0.0,0.0,156.0,160.0
2025-06-19--17h-43m-02s,4.0,0.0,0.0,156.0,160.0
2025-06-19--17h-43m-02s,7.0,2.0,0.0,151.0,160.0
2025-06-19--17h-43m-02s,1.0,0.0,0.0,159.0,160.0
2025-06-19--17h-43m-02s,3.0,0.0,0.0,157.0,160.0
2025-06-19--17h-43m-02s,2.0,0.0,0.0,158.0,160.0
2025-06-19--17h-43m-02s,4.0,2.0,0.0,154.0,160.0
2025-06-19--17h-43m-02s,3.0,1.0,0.0,156.0,160.0
2025-06-19--17h-43m-02s,9.0,1.0,0.0,150.0,160.0
2025-06-19--17h-43m-02s,6.0,0.0,0.0,154.0,160.0
2025-06-19--17h-43m-02s,3.0,0.0,0.0,157.0,160.0
2025-06-19--17h-43m-02s,6.0,0.0,0.0,154.0,160.0
2025-06-19--17h-43m-02s,7.0,0.0,0.0,153.0,160.0
2025-06-19--17h-43m-02s,5.0,0.0,0.0,155.0,160.0
2025-06-19--17h-43m-02s,8.0,0.0,0.0,152.0,160.0
2025-06-19--17h-43m-02s,2.0,0.0,0.0,158.0,160.0
2025-06-19--17h-43m-02s,5.0,0.0,0.0,155.0,160.0
2025-06-19--17h-43m-02s,2.0,1.0,0.0,157.0,160.0
2025-06-19--17h-43m-02s,3.0,1.0,0.0,156.0,160.0
2025-06-19--17h-43m-02s,2.0,1.0,0.0,157.0,160.0
2025-06-19--17h-43m-02s,3.0,0.0,0.0,157.0,160.0
2025-06-19--17h-43m-02s,4.0,1.0,0.0,155.0,160.0
2025-06-19--17h-43m-02s,1.0,0.0,0.0,159.0,160.0
2025-06-19--17h-43m-02s,2.0,0.0,0.0,158.0,160.0
2025-06-19--17h-43m-02s,5.0,0.0,0.0,155.0,160.0
2025-06-19--17h-43m-02s,6.0,0.0,0.0,154.0,160.0
2025-06-19--17h-43m-02s,6.0,0.0,0.0,154.0,160.0
2025-06-19--17h-43m-02s,5.0,1.0,0.0,154.0,160.0
2025-06-19--17h-43m-02s,6.0,0.0,0.0,154.0,160.0
2025-06-19--17h-43m-02s,3.0,0.0,0.0,157.0,160.0
2025-06-19--17h-43m-02s,2.0,1.0,0.0,157.0,160.0
2025-06-19--17h-43m-02s,3.0,0.0,0.0,157.0,160.0
2025-06-19--17h-43m-02s,2.0,0.0,0.0,158.0,160.0
2025-06-19--17h-43m-02s,4.0,0.0,0.0,156.0,160.0
2025-06-19--17h-43m-02s,3.0,1.0,0.0,156.0,160.0
2025-06-19--17h-43m-02s,1.0,0.0,0.0,159.0,160.0
2025-06-19--17h-43m-02s,2.0,1.0,0.0,157.0,160.0
2025-06-19--17h-43m-02s,4.0,0.0,0.0,156.0,160.0
2025-06-19--17h-43m-02s,3.0,0.0,0.0,157.0,160.0
2025-06-19--17h-43m-02s,4.0,0.0,0.0,156.0,160.0
2025-06-19--17h-43m-02s,4.0,0.0,0.0,156.0,160.0
2025-06-19--17h-43m-02s,5.0,0.0,0.0,155.0,160.0
2025-06-19--17h-43m-02s,3.0,0.0,0.0,157.0,160.0
2025-06-19--17h-43m-02s,4.0,2.0,0.0,154.0,160.0
2025-06-19--17h-43m-02s,3.0,0.0,0.0,157.0,160.0
2025-06-19--17h-43m-02s,6.0,1.0,0.0,153.0,160.0
2025-06-19--17h-43m-02s,4.0,0.0,0.0,156.0,160.0
2025-06-19--17h-43m-02s,1.0,0.0,0.0,159.0,160.0
2025-06-19--17h-43m-02s,3.0,0.0,0.0,157.0,160.0
2025-06-19--17h-43m-02s,3.0,0.0,0.0,157.0,160.0
2025-06-19--17h-43m-02s,8.0,0.0,0.0,152.0,160.0
2025-06-19--17h-43m-02s,7.0,0.0,0.0,153.0,160.0
2025-06-19--17h-43m-02s,3.0,1.0,0.0,156.0,160.0
2025-06-19--17h-43m-02s,7.0,0.0,0.0,153.0,160.0
2025-06-19--17h-43m-02s,6.0,1.0,0.0,153.0,160.0
2025-06-19--17h-43m-02s,6.0,0.0,0.0,154.0,160.0
2025-06-19--17h-43m-02s,6.0,0.0,0.0,154.0,160.0
2025-06-19--17h-43m-02s,2.0,0.0,0.0,158.0,160.0
2025-06-19--17h-43m-02s,2.0,0.0,0.0,158.0,160.0
2025-06-19--17h-43m-02s,2.0,2.0,0.0,156.0,160.0
2025-06-19--17h-43m-02s,3.0,2.0,0.0,155.0,160.0
2025-06-19--17h-43m-02s,6.0,0.0,0.0,154.0,160.0
2025-06-19--17h-43m-02s,2.0,0.0,0.0,158.0,160.0
2025-06-19--17h-43m-02s,7.0,0.0,0.0,153.0,160.0
2025-06-19--17h-43m-02s,3.0,0.0,0.0,157.0,160.0
2025-06-19--17h-43m-02s,4.0,0.0,0.0,156.0,160.0
2025-06-19--17h-43m-02s,1.0,2.0,0.0,157.0,160.0
2025-06-19--17h-43m-02s,1.0,0.0,0.0,159.0,160.0
2025-06-19--17h-43m-02s,6.0,0.0,0.0,154.0,160.0
2025-06-19--17h-43m-02s,4.0,0.0,1.0,155.0,160.0
2025-06-19--17h-43m-02s,1.0,0.0,0.0,159.0,160.0
2025-06-19--17h-43m-02s,4.0,1.0,0.0,155.0,160.0
2025-06-19--17h-43m-02s,7.0,1.0,0.0,152.0,160.0
2025-06-19--17h-43m-02s,4.0,0.0,0.0,156.0,160.0
2025-06-19--17h-43m-02s,6.0,0.0,0.0,154.0,160.0
2025-06-19--17h-43m-02s,3.0,0.0,0.0,157.0,160.0
2025-06-19--17h-43m-02s,3.0,1.0,0.0,156.0,160.0
2025-06-19--17h-43m-02s,4.0,0.0,0.0,156.0,160.0
2025-06-19--17h-43m-02s,8.0,1.0,0.0,151.0,160.0
2025-06-19--17h-43m-02s,5.0,0.0,0.0,155.0,160.0
2025-06-19--17h-43m-02s,8.0,0.0,0.0,152.0,160.0
2025-06-19--17h-43m-02s,6.0,0.0,0.0,154.0,160.0
2025-06-19--17h-43m-02s,5.0,0.0,0.0,155.0,160.0
2025-06-19--17h-43m-02s,2.0,0.0,0.0,158.0,160.0
2025-06-19--17h-43m-02s,6.0,2.0,0.0,152.0,160.0
2025-06-19--17h-43m-02s,8.0,1.0,0.0,151.0,160.0
2025-06-19--17h-43m-02s,5.0,1.0,0.0,154.0,160.0
2025-06-19--17h-43m-02s,8.0,0.0,1.0,151.0,160.0
2025-06-19--17h-43m-02s,5.0,0.0,0.0,155.0,160.0
2025-06-19--17h-43m-02s,5.0,0.0,0.0,155.0,160.0
2025-06-19--17h-43m-02s,6.0,0.0,0.0,154.0,160.0
2025-06-19--17h-43m-02s,1.0,0.0,0.0,159.0,160.0
2025-06-19--17h-43m-02s,2.0,0.0,1.0,157.0,160.0
2025-06-19--17h-43m-02s,1.0,0.0,0.0,159.0,160.0
2025-06-19--17h-43m-02s,2.0,0.0,0.0,158.0,160.0
2025-06-19--17h-43m-02s,3.0,0.0,0.0,157.0,160.0
2025-06-19--17h-43m-02s,5.0,0.0,0.0,155.0,160.0
2025-06-19--17h-43m-02s,2.0,0.0,0.0,158.0,160.0
2025-06-19--17h-43m-02s,4.0,0.0,0.0,156.0,160.0
2025-06-19--17h-43m-02s,4.0,1.0,0.0,155.0,160.0
2025-06-19--17h-43m-02s,3.0,1.0,0.0,156.0,160.0
2025-06-19--17h-43m-02s,2.0,0.0,0.0,158.0,160.0
2025-06-19--17h-43m-02s,2.0,0.0,0.0,158.0,160.0
2025-06-19--17h-43m-02s,5.0,0.0,0.0,155.0,160.0
2025-06-19--17h-43m-02s,2.0,2.0,0.0,156.0,160.0
2025-06-19--17h-43m-02s,1.0,0.0,1.0,158.0,160.0
2025-06-19--17h-43m-02s,0.0,0.0,0.0,160.0,160.0
2025-06-19--17h-43m-02s,7.0,1.0,0.0,152.0,160.0
2025-06-19--17h-43m-02s,5.0,0.0,0.0,155.0,160.0
2025-06-19--17h-43m-02s,7.0,0.0,0.0,153.0,160.0
2025-06-19--17h-43m-02s,3.0,0.0,0.0,157.0,160.0
2025-06-19--17h-43m-02s,2.0,0.0,0.0,158.0,160.0
2025-06-19--17h-43m-02s,0.0,0.0,0.0,160.0,160.0
2025-06-19--17h-43m-02s,2.0,0.0,0.0,158.0,160.0
2025-06-19--17h-43m-02s,6.0,0.0,0.0,154.0,160.0
2025-06-19--17h-43m-02s,3.0,0.0,0.0,157.0,160.0
2025-06-19--17h-43m-02s,9.0,0.0,0.0,151.0,160.0
2025-06-19--17h-43m-02s,1.0,0.0,0.0,159.0,160.0
2025-06-19--17h-43m-02s,1.0,1.0,0.0,158.0,160.0
2025-06-19--17h-43m-02s,2.0,1.0,0.0,157.0,160.0
2025-06-19--17h-43m-02s,2.0,2.0,0.0,156.0,160.0
2025-06-19--17h-43m-02s,1.0,0.0,0.0,159.0,160.0
2025-06-19--17h-43m-02s,5.0,1.0,0.0,154.0,160.0
2025-06-19--17h-43m-02s,4.0,1.0,0.0,155.0,160.0
2025-06-19--17h-43m-02s,3.0,0.0,0.0,157.0,160.0
2025-06-19--17h-43m-02s,2.0,0.0,0.0,158.0,160.0
2025-06-19--17h-43m-02s,4.0,1.0,0.0,155.0,160.0
2025-06-19--17h-43m-02s,5.0,0.0,0.0,155.0,160.0
2025-06-19--17h-43m-02s,2.0,0.0,0.0,158.0,160.0
2025-06-19--17h-43m-02s,8.0,0.0,0.0,152.0,160.0
2025-06-19--17h-43m-02s,2.0,1.0,0.0,157.0,160.0
2025-06-19--17h-43m-02s,3.0,0.0,0.0,157.0,160.0
2025-06-19--17h-43m-02s,6.0,0.0,0.0,154.0,160.0
2025-06-19--17h-43m-02s,4.0,0.0,0.0,156.0,160.0
2025-06-19--17h-43m-02s,4.0,0.0,0.0,156.0,160.0
2025-06-19--17h-43m-02s,3.0,0.0,0.0,157.0,160.0
2025-06-19--17h-43m-02s,4.0,1.0,0.0,155.0,160.0
2025-06-19--17h-43m-02s,2.0,2.0,0.0,156.0,160.0
2025-06-19--17h-43m-02s,3.0,1.0,0.0,156.0,160.0
2025-06-19--17h-43m-02s,9.0,0.0,0.0,151.0,160.0
2025-06-19--17h-43m-02s,6.0,1.0,0.0,153.0,160.0
2025-06-19--17h-43m-02s,2.0,0.0,1.0,157.0,160.0
2025-06-19--17h-43m-02s,4.0,0.0,0.0,156.0,160.0
2025-06-19--17h-43m-02s,5.0,0.0,0.0,155.0,160.0
2025-06-19--17h-43m-02s,1.0,2.0,0.0,157.0,160.0
2025-06-19--17h-43m-02s,1.0,0.0,0.0,159.0,160.0
2025-06-19--17h-43m-02s,2.0,0.0,0.0,158.0,160.0
2025-06-19--17h-43m-02s,3.0,1.0,0.0,156.0,160.0
